[
  {
  "_id": "65400b24c8ce046eb20b6438",
  "valorAjuste": 44,
  "valorAjusteM3": 55,
  "valorAjusteMR": 44,
  "createdAt": 1698695972747,
  "updatedAt": 0,
  "ruma": "64e81867c3e45811e558ec26",
  "tipoAjuste": "ADD",
  "fechaGuia": "30-10-2023",
  "zona": "60dfe4d7ae62c2de16dcd44a",
  "origen": "63ad993e3fe7fc67e8e49019",
  "destino": "63ad993e3fe7fc67e8e49019",
  "especie": "60dfe5b4ba0ccfd21a8e04e1",
  "producto": "60e32b103cbd21f907c7568a",
  "largo": 265,
  "factorCorteza": "60e3280d3cbd21f907c755f0",
  "fechaCorta": "15-08-2023",
  "procedencia": "60dff01eba0ccfd21a8e0507",
  "intervencion": "60dff1b4ba0ccfd21a8e0521",
  "estadoMadera": "60dff0c8ba0ccfd21a8e0513",
  "observaciones": "ajuste partido",
  "createdBy": "610174f1116a140452889c03",
  "__v": 0
},
  {
  "_id": "65440fefc8ce046eb20b9052",
  "valorAjuste": 5.35,
  "valorAjusteM3": 7.704,
  "valorAjusteMR": 0,
  "createdAt": 1698959343051,
  "updatedAt": 0,
  "ruma": "63d11a10adf5b5178060d8cf",
  "tipoAjuste": "ADD",
  "fechaGuia": "02-11-2023",
  "zona": "60dfe4d7ae62c2de16dcd44a",
  "origen": "60dfee81ba0ccfd21a8e04ff",
  "destino": "60dfee81ba0ccfd21a8e04ff",
  "especie": "60dfe5b4ba0ccfd21a8e04e1",
  "producto": "60e32b103cbd21f907c7569f",
  "largo": 500,
  "factorCorteza": "60e328243cbd21f907c755f1",
  "fechaCorta": "15-12-2022",
  "procedencia": "60dff01eba0ccfd21a8e0507",
  "intervencion": "60dff1b4ba0ccfd21a8e0521",
  "estadoMadera": "60dff0beba0ccfd21a8e0512",
  "observaciones": "",
  "createdBy": "610174f1116a140452889c03",
  "__v": 0
},
  {
  "_id": "6697e2a95d7d4ba67f1f33ed",
  "valorAjuste": 293.9,
  "valorAjusteM3": 463.77,
  "valorAjusteMR": 293.9,
  "createdAt": 1721229993398,
  "updatedAt": 0,
  "ruma": "6526d694d94e86910fc0f7e4",
  "tipoAjuste": "REDUCE",
  "fechaGuia": "17-07-2024",
  "zona": "60dfe4d7ae62c2de16dcd44a",
  "origen": "651f142fd94e86910fc09707",
  "destino": "651f142fd94e86910fc09707",
  "especie": "60dfe5b4ba0ccfd21a8e04e1",
  "producto": "642c2b9feb672a819cd147f9",
  "largo": 244,
  "factorCorteza": "60e328243cbd21f907c755f1",
  "fechaCorta": "15-06-2023",
  "procedencia": "60dff01eba0ccfd21a8e0507",
  "intervencion": "60dff1b4ba0ccfd21a8e0521",
  "estadoMadera": "60dff0beba0ccfd21a8e0512",
  "observaciones": "Traspaso a Ruma 998",
  "createdBy": "6183ea8b552fdb0d991d70a6",
  "__v": 0
},
  {
  "_id": "6697e3315d7d4ba67f1f33f1",
  "valorAjuste": 293.9,
  "valorAjusteM3": 463.77,
  "valorAjusteMR": 293.9,
  "createdAt": 1721230129922,
  "updatedAt": 0,
  "ruma": "6690317a83e4984a47c2a991",
  "tipoAjuste": "ADD",
  "fechaGuia": "17-07-2024",
  "zona": "60dfe4d7ae62c2de16dcd44a",
  "origen": "651f142fd94e86910fc09707",
  "destino": "651f142fd94e86910fc09707",
  "especie": "60dfe5b4ba0ccfd21a8e04e1",
  "producto": "642c2b9feb672a819cd147f9",
  "largo": 244,
  "factorCorteza": "60e328243cbd21f907c755f1",
  "fechaCorta": "15-06-2023",
  "procedencia": "60dff01eba0ccfd21a8e0507",
  "intervencion": "60dff1b4ba0ccfd21a8e0521",
  "estadoMadera": "60dff0beba0ccfd21a8e0512",
  "observaciones": "Traspaso de ruma 103 a 998",
  "createdBy": "6183ea8b552fdb0d991d70a6",
  "__v": 0
},
  {
  "_id": "6697e3ba5d7d4ba67f1f33f4",
  "valorAjuste": 289.81,
  "valorAjusteM3": 457.32,
  "valorAjusteMR": 289.81,
  "createdAt": 1721230266227,
  "updatedAt": 0,
  "ruma": "6526d6a9d94e86910fc0f7e5",
  "tipoAjuste": "REDUCE",
  "fechaGuia": "17-07-2024",
  "zona": "60dfe4d7ae62c2de16dcd44a",
  "origen": "651f142fd94e86910fc09707",
  "destino": "651f142fd94e86910fc09707",
  "especie": "60dfe5b4ba0ccfd21a8e04e1",
  "producto": "642c2b9feb672a819cd147f9",
  "largo": 244,
  "factorCorteza": "60e328243cbd21f907c755f1",
  "fechaCorta": "15-05-2023",
  "procedencia": "60dff01eba0ccfd21a8e0507",
  "intervencion": "60dff1b4ba0ccfd21a8e0521",
  "estadoMadera": "60dff0beba0ccfd21a8e0512",
  "observaciones": "Traspaso 104 a 998",
  "createdBy": "6183ea8b552fdb0d991d70a6",
  "__v": 0
},
  {
  "_id": "6697fa235d7d4ba67f1f3b67",
  "valorAjuste": 461.78,
  "valorAjusteM3": 695.44,
  "valorAjusteMR": 461.78,
  "createdAt": 1721236003804,
  "updatedAt": 0,
  "ruma": "6655af2ab513b131b9381d88",
  "tipoAjuste": "REDUCE",
  "fechaGuia": "17-07-2024",
  "zona": "60dfe4d7ae62c2de16dcd44a",
  "origen": "651f142fd94e86910fc09707",
  "destino": "651f142fd94e86910fc09707",
  "especie": "60dfe5b4ba0ccfd21a8e04e1",
  "producto": "642c2bc0eb672a819cd147fa",
  "largo": 400,
  "factorCorteza": "60e328243cbd21f907c755f1",
  "fechaCorta": "15-07-2023",
  "procedencia": "60dff01eba0ccfd21a8e0507",
  "intervencion": "60dff1b4ba0ccfd21a8e0521",
  "estadoMadera": "60dff0beba0ccfd21a8e0512",
  "observaciones": "",
  "createdBy": "6183ea8b552fdb0d991d70a6",
  "__v": 0
},
  {
  "_id": "6697fa6a5d7d4ba67f1f3b68",
  "valorAjuste": 461.78,
  "valorAjusteM3": 695.44,
  "valorAjusteMR": 461.78,
  "createdAt": 1721236074034,
  "updatedAt": 0,
  "ruma": "6690317a83e4984a47c2a991",
  "tipoAjuste": "ADD",
  "fechaGuia": "17-07-2024",
  "zona": "60dfe4d7ae62c2de16dcd44a",
  "origen": "651f142fd94e86910fc09707",
  "destino": "651f142fd94e86910fc09707",
  "especie": "60dfe5b4ba0ccfd21a8e04e1",
  "producto": "642c2bc0eb672a819cd147fa",
  "largo": 400,
  "factorCorteza": "60e328243cbd21f907c755f1",
  "fechaCorta": "15-07-2023",
  "procedencia": "60dff01eba0ccfd21a8e0507",
  "intervencion": "60dff1b4ba0ccfd21a8e0521",
  "estadoMadera": "60dff0beba0ccfd21a8e0512",
  "observaciones": "Traspaso 5226 a 998",
  "createdBy": "6183ea8b552fdb0d991d70a6",
  "__v": 0
},
  {
  "_id": "669809b65d7d4ba67f1f3b82",
  "valorAjuste": 434.24,
  "valorAjusteM3": 653.96,
  "valorAjusteMR": 0,
  "createdAt": 1721239990521,
  "updatedAt": 0,
  "ruma": "6650f986b513b131b938049a",
  "tipoAjuste": "REDUCE",
  "fechaGuia": "17-07-2024",
  "zona": "60dfe4d7ae62c2de16dcd44a",
  "origen": "651f142fd94e86910fc09707",
  "destino": "651f142fd94e86910fc09707",
  "especie": "60dfe5b4ba0ccfd21a8e04e1",
  "producto": "642c2bc0eb672a819cd147fa",
  "largo": 400,
  "factorCorteza": "60e328243cbd21f907c755f1",
  "fechaCorta": "15-10-2023",
  "procedencia": "60dff01eba0ccfd21a8e0507",
  "intervencion": "60dff1b4ba0ccfd21a8e0521",
  "estadoMadera": "60dff0beba0ccfd21a8e0512",
  "observaciones": "traslado a ruma 960 (232.93 mr) resto a 998",
  "createdBy": "6183ea8b552fdb0d991d70a6",
  "__v": 0
},
  {
  "_id": "669809f65d7d4ba67f1f3b84",
  "valorAjuste": 232.93,
  "valorAjusteM3": 350.79,
  "valorAjusteMR": 232.93,
  "createdAt": 1721240054008,
  "updatedAt": 0,
  "ruma": "669809025d7d4ba67f1f3b80",
  "tipoAjuste": "ADD",
  "fechaGuia": "17-07-2024",
  "zona": "60dfe4d7ae62c2de16dcd44a",
  "origen": "651f142fd94e86910fc09707",
  "destino": "651f142fd94e86910fc09707",
  "especie": "60dfe5b4ba0ccfd21a8e04e1",
  "producto": "642c2bc0eb672a819cd147fa",
  "largo": 400,
  "factorCorteza": "60e328243cbd21f907c755f1",
  "fechaCorta": "15-10-2023",
  "procedencia": "60dff01eba0ccfd21a8e0507",
  "intervencion": "60dff1b4ba0ccfd21a8e0521",
  "estadoMadera": "60dff0beba0ccfd21a8e0512",
  "observaciones": "",
  "createdBy": "6183ea8b552fdb0d991d70a6",
  "__v": 0
},
  {
  "_id": "66980ac05d7d4ba67f1f3b87",
  "valorAjuste": 201.31,
  "valorAjusteM3": 303.17,
  "valorAjusteMR": 201.31,
  "createdAt": 1721240256579,
  "updatedAt": 0,
  "ruma": "6690317a83e4984a47c2a991",
  "tipoAjuste": "ADD",
  "fechaGuia": "17-07-2024",
  "zona": "60dfe4d7ae62c2de16dcd44a",
  "origen": "651f142fd94e86910fc09707",
  "destino": "651f142fd94e86910fc09707",
  "especie": "60dfe5b4ba0ccfd21a8e04e1",
  "producto": "642c2bc0eb672a819cd147fa",
  "largo": 400,
  "factorCorteza": "60e328243cbd21f907c755f1",
  "fechaCorta": "15-10-2023",
  "procedencia": "60dff01eba0ccfd21a8e0507",
  "intervencion": "60dff1b4ba0ccfd21a8e0521",
  "estadoMadera": "60dff0beba0ccfd21a8e0512",
  "observaciones": "traslado desde 5225",
  "createdBy": "6183ea8b552fdb0d991d70a6",
  "__v": 0
},
  {
  "_id": "66980bf95d7d4ba67f1f3b8b",
  "valorAjuste": 272.69,
  "valorAjusteM3": 410.67,
  "valorAjusteMR": 272.69,
  "createdAt": 1721240569054,
  "updatedAt": 0,
  "ruma": "6539ab8cc8ce046eb20b3848",
  "tipoAjuste": "ADD",
  "fechaGuia": "17-07-2024",
  "zona": "60dfe4d7ae62c2de16dcd44a",
  "origen": "651f142fd94e86910fc09707",
  "destino": "651f142fd94e86910fc09707",
  "especie": "60dfe5b4ba0ccfd21a8e04e1",
  "producto": "642c2bc0eb672a819cd147fa",
  "largo": 400,
  "factorCorteza": "60e328243cbd21f907c755f1",
  "fechaCorta": "15-05-2023",
  "procedencia": "60dff01eba0ccfd21a8e0507",
  "intervencion": "60dff1b4ba0ccfd21a8e0521",
  "estadoMadera": "60dff0beba0ccfd21a8e0512",
  "observaciones": "traslado ruma 201 a 202",
  "createdBy": "6183ea8b552fdb0d991d70a6",
  "__v": 0
},
  {
  "_id": "66980db75d7d4ba67f1f3b8d",
  "valorAjuste": 1168.75,
  "valorAjusteM3": 1760.13,
  "valorAjusteMR": 1168.75,
  "createdAt": 1721241015601,
  "updatedAt": 0,
  "ruma": "669031d383e4984a47c2a994",
  "tipoAjuste": "REDUCE",
  "fechaGuia": "17-07-2024",
  "zona": "60dfe4d7ae62c2de16dcd44a",
  "origen": "651f142fd94e86910fc09707",
  "destino": "651f142fd94e86910fc09707",
  "especie": "60dfe5b4ba0ccfd21a8e04e1",
  "producto": "658c32181d32a739bb905bbb",
  "largo": 0,
  "factorCorteza": "60e328243cbd21f907c755f1",
  "fechaCorta": "15-09-2023",
  "procedencia": "60dff01eba0ccfd21a8e0507",
  "intervencion": "60dff1b4ba0ccfd21a8e0521",
  "estadoMadera": "60dff0beba0ccfd21a8e0512",
  "observaciones": "traspaso de MST a MR (4675 mst)",
  "createdBy": "6183ea8b552fdb0d991d70a6",
  "__v": 0
},
  {
  "_id": "66980e0e5d7d4ba67f1f3b8f",
  "valorAjuste": 306.88,
  "valorAjusteM3": 462.16,
  "valorAjusteMR": 306.88,
  "createdAt": 1721241102574,
  "updatedAt": 0,
  "ruma": "669031d383e4984a47c2a994",
  "tipoAjuste": "ADD",
  "fechaGuia": "17-07-2024",
  "zona": "60dfe4d7ae62c2de16dcd44a",
  "origen": "651f142fd94e86910fc09707",
  "destino": "651f142fd94e86910fc09707",
  "especie": "60dfe5b4ba0ccfd21a8e04e1",
  "producto": "642c2bc0eb672a819cd147fa",
  "largo": 400,
  "factorCorteza": "60e328243cbd21f907c755f1",
  "fechaCorta": "15-05-2023",
  "procedencia": "60dff01eba0ccfd21a8e0507",
  "intervencion": "60dff1b4ba0ccfd21a8e0521",
  "estadoMadera": "60dff0beba0ccfd21a8e0512",
  "observaciones": "traslado de ruma 201",
  "createdBy": "6183ea8b552fdb0d991d70a6",
  "__v": 0
},
  {
  "_id": "669816ab5d7d4ba67f1f3ba0",
  "valorAjuste": 532.36,
  "valorAjusteM3": 788.18,
  "valorAjusteMR": 532.36,
  "createdAt": 1721243307778,
  "updatedAt": 0,
  "ruma": "65e984f0cfccf6b1613d7f3a",
  "tipoAjuste": "REDUCE",
  "fechaGuia": "17-07-2024",
  "zona": "60dfe4d7ae62c2de16dcd44a",
  "origen": "651f142fd94e86910fc09707",
  "destino": "651f142fd94e86910fc09707",
  "especie": "60dfe5b4ba0ccfd21a8e04e1",
  "producto": "642c2bc0eb672a819cd147fa",
  "largo": 400,
  "factorCorteza": "60e328243cbd21f907c755f1",
  "fechaCorta": "15-10-2023",
  "procedencia": "60dff01eba0ccfd21a8e0507",
  "intervencion": "60dff1b4ba0ccfd21a8e0521",
  "estadoMadera": "60dff0beba0ccfd21a8e0512",
  "observaciones": "Traslado 205 a 999",
  "createdBy": "6183ea8b552fdb0d991d70a6",
  "__v": 0
},
  {
  "_id": "669816fb5d7d4ba67f1f3ba2",
  "valorAjuste": 523.36,
  "valorAjusteM3": 788.18,
  "valorAjusteMR": 523.36,
  "createdAt": 1721243387957,
  "updatedAt": 0,
  "ruma": "669031d383e4984a47c2a994",
  "tipoAjuste": "ADD",
  "fechaGuia": "17-07-2024",
  "zona": "60dfe4d7ae62c2de16dcd44a",
  "origen": "651f142fd94e86910fc09707",
  "destino": "651f142fd94e86910fc09707",
  "especie": "60dfe5b4ba0ccfd21a8e04e1",
  "producto": "642c2bc0eb672a819cd147fa",
  "largo": 400,
  "factorCorteza": "60e328243cbd21f907c755f1",
  "fechaCorta": "15-10-2023",
  "procedencia": "60dff01eba0ccfd21a8e0507",
  "intervencion": "60dff1b4ba0ccfd21a8e0521",
  "estadoMadera": "60dff0adba0ccfd21a8e0511",
  "observaciones": "traslado desde ruma 205",
  "createdBy": "6183ea8b552fdb0d991d70a6",
  "__v": 0
},
  {
  "_id": "66981ec95d7d4ba67f1f3bb3",
  "valorAjuste": 462.85,
  "valorAjusteM3": 697.05,
  "valorAjusteMR": 462.85,
  "createdAt": 1721245385496,
  "updatedAt": 0,
  "ruma": "6539442ac8ce046eb20b22a2",
  "tipoAjuste": "REDUCE",
  "fechaGuia": "17-07-2024",
  "zona": "60dfe4d7ae62c2de16dcd44a",
  "origen": "651f142fd94e86910fc09707",
  "destino": "651f142fd94e86910fc09707",
  "especie": "60dfe5b4ba0ccfd21a8e04e1",
  "producto": "642c2bc0eb672a819cd147fa",
  "largo": 400,
  "factorCorteza": "60e328243cbd21f907c755f1",
  "fechaCorta": "15-05-2023",
  "procedencia": "60dff01eba0ccfd21a8e0507",
  "intervencion": "60dff1b4ba0ccfd21a8e0521",
  "estadoMadera": "60dff0beba0ccfd21a8e0512",
  "observaciones": "Traspaso a ruma 998",
  "createdBy": "6183ea8b552fdb0d991d70a6",
  "__v": 0
},
  {
  "_id": "66981f0e5d7d4ba67f1f3bb5",
  "valorAjuste": 462.85,
  "valorAjusteM3": 697.05,
  "valorAjusteMR": 462.85,
  "createdAt": 1721245454435,
  "updatedAt": 0,
  "ruma": "6690317a83e4984a47c2a991",
  "tipoAjuste": "ADD",
  "fechaGuia": "17-07-2024",
  "zona": "60dfe4d7ae62c2de16dcd44a",
  "origen": "651f142fd94e86910fc09707",
  "destino": "651f142fd94e86910fc09707",
  "especie": "60dfe5b4ba0ccfd21a8e04e1",
  "producto": "642c2bc0eb672a819cd147fa",
  "largo": 400,
  "factorCorteza": "60e328243cbd21f907c755f1",
  "fechaCorta": "15-05-2023",
  "procedencia": "60dff01eba0ccfd21a8e0507",
  "intervencion": "60dff1b4ba0ccfd21a8e0521",
  "estadoMadera": "60dff0beba0ccfd21a8e0512",
  "observaciones": "traslado desde ruma 88",
  "createdBy": "6183ea8b552fdb0d991d70a6",
  "__v": 0
},
  {
  "_id": "66aa609c6c21c219e886f40d",
  "valorAjuste": 22.03,
  "valorAjusteM3": 34.543,
  "valorAjusteMR": 0,
  "createdAt": 1722441884421,
  "updatedAt": 0,
  "ruma": "664e4c8bb513b131b9380122",
  "tipoAjuste": "REDUCE",
  "fechaGuia": "31-07-2024",
  "zona": "60dfe4d7ae62c2de16dcd44a",
  "origen": "60dfee81ba0ccfd21a8e04ff",
  "destino": "60dfee81ba0ccfd21a8e04ff",
  "especie": "60dfe5b4ba0ccfd21a8e04e1",
  "producto": "60e32b103cbd21f907c75679",
  "largo": 330,
  "factorCorteza": "60e328243cbd21f907c755f1",
  "fechaCorta": "15-07-2023",
  "procedencia": "60dff01eba0ccfd21a8e0507",
  "intervencion": "60dff1b4ba0ccfd21a8e0521",
  "estadoMadera": "60dff0c8ba0ccfd21a8e0513",
  "observaciones": "traslado a ruma 332",
  "createdBy": "6183ea8b552fdb0d991d70a6",
  "__v": 0
},
  {
  "_id": "66aa616f6c21c219e886f412",
  "valorAjuste": 40.32,
  "valorAjusteM3": 63.221,
  "valorAjusteMR": 40.32,
  "createdAt": 1722442095518,
  "updatedAt": 0,
  "ruma": "64553323473d620493606718",
  "tipoAjuste": "ADD",
  "fechaGuia": "31-07-2024",
  "zona": "60dfe4d7ae62c2de16dcd44a",
  "origen": "60dfee81ba0ccfd21a8e04ff",
  "destino": "60dfee81ba0ccfd21a8e04ff",
  "especie": "60dfe5b4ba0ccfd21a8e04e1",
  "producto": "60e32b103cbd21f907c75679",
  "largo": 330,
  "factorCorteza": "60e328243cbd21f907c755f1",
  "fechaCorta": "15-07-2023",
  "procedencia": "60dff01eba0ccfd21a8e0507",
  "intervencion": "60dff1b4ba0ccfd21a8e0521",
  "estadoMadera": "60dff0c8ba0ccfd21a8e0513",
  "observaciones": "",
  "createdBy": "6183ea8b552fdb0d991d70a6",
  "__v": 0
},
  {
  "_id": "66aa631f6c21c219e886f416",
  "valorAjuste": 17.63,
  "valorAjusteM3": 24.488,
  "valorAjusteMR": 17.63,
  "createdAt": 1722442527875,
  "updatedAt": 0,
  "ruma": "6434ddf0437728b9e9c44876",
  "tipoAjuste": "REDUCE",
  "fechaGuia": "31-07-2024",
  "zona": "60dfe4d7ae62c2de16dcd44a",
  "origen": "60dfee81ba0ccfd21a8e04ff",
  "destino": "60dfee81ba0ccfd21a8e04ff",
  "especie": "60dfe5d7ba0ccfd21a8e04e2",
  "producto": "611c7e9a595ddfff4dcf78d7",
  "largo": 350,
  "factorCorteza": "60e328243cbd21f907c755f1",
  "fechaCorta": "15-03-2023",
  "procedencia": "60dff01eba0ccfd21a8e0507",
  "intervencion": "60dff1b4ba0ccfd21a8e0521",
  "estadoMadera": "60dff0c8ba0ccfd21a8e0513",
  "observaciones": "reducción a volumen real",
  "createdBy": "6183ea8b552fdb0d991d70a6",
  "__v": 0
},
  {
  "_id": "66aa64c66c21c219e886f418",
  "valorAjuste": 202.75,
  "valorAjusteM3": 313.248,
  "valorAjusteMR": 202.75,
  "createdAt": 1722442950059,
  "updatedAt": 0,
  "ruma": "66423fbae27c1999368e0181",
  "tipoAjuste": "REDUCE",
  "fechaGuia": "31-07-2024",
  "zona": "60dfe4d7ae62c2de16dcd44a",
  "origen": "60dfee81ba0ccfd21a8e04ff",
  "destino": "60dfee81ba0ccfd21a8e04ff",
  "especie": "60dfe5b4ba0ccfd21a8e04e1",
  "producto": "642c2bc0eb672a819cd147fa",
  "largo": 400,
  "factorCorteza": "60e328243cbd21f907c755f1",
  "fechaCorta": "15-10-2023",
  "procedencia": "60dff01eba0ccfd21a8e0507",
  "intervencion": "60dff1b4ba0ccfd21a8e0521",
  "estadoMadera": "60dff0beba0ccfd21a8e0512",
  "observaciones": "traslado a ruma 400",
  "createdBy": "6183ea8b552fdb0d991d70a6",
  "__v": 0
},
  {
  "_id": "66aa65126c21c219e886f419",
  "valorAjuste": 202.75,
  "valorAjusteM3": 313.248,
  "valorAjusteMR": 202.75,
  "createdAt": 1722443026553,
  "updatedAt": 0,
  "ruma": "66aa63426c21c219e886f417",
  "tipoAjuste": "ADD",
  "fechaGuia": "31-07-2024",
  "zona": "60dfe4d7ae62c2de16dcd44a",
  "origen": "60dfee81ba0ccfd21a8e04ff",
  "destino": "60dfee81ba0ccfd21a8e04ff",
  "especie": "60dfe5b4ba0ccfd21a8e04e1",
  "producto": "642c2bc0eb672a819cd147fa",
  "largo": 400,
  "factorCorteza": "60e328243cbd21f907c755f1",
  "fechaCorta": "15-07-2023",
  "procedencia": "60dff01eba0ccfd21a8e0507",
  "intervencion": "60dff1b4ba0ccfd21a8e0521",
  "estadoMadera": "60dff0beba0ccfd21a8e0512",
  "observaciones": "traslado desde ruma 313",
  "createdBy": "6183ea8b552fdb0d991d70a6",
  "__v": 0
},
  {
  "_id": "66aa68756c21c219e886f41d",
  "valorAjuste": 38.78,
  "valorAjusteM3": 69.183,
  "valorAjusteMR": 38.78,
  "createdAt": 1722443893320,
  "updatedAt": 0,
  "ruma": "66aa67966c21c219e886f41c",
  "tipoAjuste": "ADD",
  "fechaGuia": "31-07-2024",
  "zona": "60dfe4d7ae62c2de16dcd44a",
  "origen": "60dfee81ba0ccfd21a8e04ff",
  "destino": "60dfee81ba0ccfd21a8e04ff",
  "especie": "60dfe5b4ba0ccfd21a8e04e1",
  "producto": "642c26c8eb672a819cd147dd",
  "largo": 410,
  "factorCorteza": "60e328243cbd21f907c755f1",
  "fechaCorta": "15-09-2023",
  "procedencia": "60dff01eba0ccfd21a8e0507",
  "intervencion": "60dff1b4ba0ccfd21a8e0521",
  "estadoMadera": "60dff0beba0ccfd21a8e0512",
  "observaciones": "ruma en piso , sin numero asignado",
  "createdBy": "6183ea8b552fdb0d991d70a6",
  "__v": 0
},
  {
  "_id": "66aa69526c21c219e886f41f",
  "valorAjuste": 5.36,
  "valorAjusteM3": 7.713,
  "valorAjusteMR": 5.36,
  "createdAt": 1722444114068,
  "updatedAt": 0,
  "ruma": "66aa68dd6c21c219e886f41e",
  "tipoAjuste": "ADD",
  "fechaGuia": "31-07-2024",
  "zona": "60dfe4d7ae62c2de16dcd44a",
  "origen": "60dfee81ba0ccfd21a8e04ff",
  "destino": "60dfee81ba0ccfd21a8e04ff",
  "especie": "60dfe5d7ba0ccfd21a8e04e2",
  "producto": "611c7e9a595ddfff4dcf78d5",
  "largo": 244,
  "factorCorteza": "60e328243cbd21f907c755f1",
  "fechaCorta": "15-03-2024",
  "procedencia": "60dff01eba0ccfd21a8e0507",
  "intervencion": "60dff1b4ba0ccfd21a8e0521",
  "estadoMadera": "60dff0adba0ccfd21a8e0511",
  "observaciones": "ruma en piso sin numero asignado",
  "createdBy": "6183ea8b552fdb0d991d70a6",
  "__v": 0
},
  {
  "_id": "66aa69e66c21c219e886f421",
  "valorAjuste": 151.36,
  "valorAjusteM3": 239.75,
  "valorAjusteMR": 151.36,
  "createdAt": 1722444262343,
  "updatedAt": 0,
  "ruma": "662948a35b673bea0a61a0a1",
  "tipoAjuste": "ADD",
  "fechaGuia": "31-07-2024",
  "zona": "60dfe4d7ae62c2de16dcd44a",
  "origen": "60dfee81ba0ccfd21a8e04ff",
  "destino": "60dfee81ba0ccfd21a8e04ff",
  "especie": "60dfe5b4ba0ccfd21a8e04e1",
  "producto": "642c2b9feb672a819cd147f9",
  "largo": 244,
  "factorCorteza": "60e328243cbd21f907c755f1",
  "fechaCorta": "15-11-2023",
  "procedencia": "60dff01eba0ccfd21a8e0507",
  "intervencion": "60dff1b4ba0ccfd21a8e0521",
  "estadoMadera": "60dff0beba0ccfd21a8e0512",
  "observaciones": "ajuste a volumen real",
  "createdBy": "6183ea8b552fdb0d991d70a6",
  "__v": 0
},
  {
  "_id": "66aaa2186c21c219e886f47d",
  "valorAjuste": 177.32,
  "valorAjusteM3": 316.33,
  "valorAjusteMR": 177.32,
  "createdAt": 1722458648209,
  "updatedAt": 0,
  "ruma": "65f1a7e27566199cb796c626",
  "tipoAjuste": "ADD",
  "fechaGuia": "31-07-2024",
  "zona": "60dfe4d7ae62c2de16dcd44a",
  "origen": "60dfee81ba0ccfd21a8e04ff",
  "destino": "60dfee81ba0ccfd21a8e04ff",
  "especie": "60dfe5b4ba0ccfd21a8e04e1",
  "producto": "642c26c8eb672a819cd147dd",
  "largo": 410,
  "factorCorteza": "60e328243cbd21f907c755f1",
  "fechaCorta": "15-01-2024",
  "procedencia": "60dff01eba0ccfd21a8e0507",
  "intervencion": "60dff1b4ba0ccfd21a8e0521",
  "estadoMadera": "60dff0beba0ccfd21a8e0512",
  "observaciones": "ajustar al volumen real en piso",
  "createdBy": "6183ea8b552fdb0d991d70a6",
  "__v": 0
},
  {
  "_id": "66ba351614b89c578435b135",
  "valorAjuste": 193.98,
  "valorAjusteM3": 305.78,
  "valorAjusteMR": 193.98,
  "createdAt": 1723479318115,
  "updatedAt": 0,
  "ruma": "661727a6bd429af8d1b81a07",
  "tipoAjuste": "REDUCE",
  "fechaGuia": "12-08-2024",
  "zona": "60dfe4d7ae62c2de16dcd44a",
  "origen": "651f142fd94e86910fc09707",
  "destino": "651f142fd94e86910fc09707",
  "especie": "60dfe5b4ba0ccfd21a8e04e1",
  "producto": "642c2b9feb672a819cd147f9",
  "largo": 244,
  "factorCorteza": "60e328243cbd21f907c755f1",
  "fechaCorta": "15-02-2024",
  "procedencia": "60dff01eba0ccfd21a8e0507",
  "intervencion": "60dff1b4ba0ccfd21a8e0521",
  "estadoMadera": "60dff0beba0ccfd21a8e0512",
  "observaciones": "traspaso a ruma 998",
  "createdBy": "6183ea8b552fdb0d991d70a6",
  "__v": 0
},
  {
  "_id": "66ba357b14b89c578435b137",
  "valorAjuste": 193.98,
  "valorAjusteM3": 305.78,
  "valorAjusteMR": 193.98,
  "createdAt": 1723479419881,
  "updatedAt": 0,
  "ruma": "6690317a83e4984a47c2a991",
  "tipoAjuste": "ADD",
  "fechaGuia": "12-08-2024",
  "zona": "60dfe4d7ae62c2de16dcd44a",
  "origen": "651f142fd94e86910fc09707",
  "destino": "651f142fd94e86910fc09707",
  "especie": "60dfe5b4ba0ccfd21a8e04e1",
  "producto": "642c2b9feb672a819cd147f9",
  "largo": 244,
  "factorCorteza": "60e328243cbd21f907c755f1",
  "fechaCorta": "15-02-2024",
  "procedencia": "60dff01eba0ccfd21a8e0507",
  "intervencion": "60dff1b4ba0ccfd21a8e0521",
  "estadoMadera": "60dff0beba0ccfd21a8e0512",
  "observaciones": "traspaso desde ruma 5127",
  "createdBy": "6183ea8b552fdb0d991d70a6",
  "__v": 0
},
  {
  "_id": "66ba36c714b89c578435b139",
  "valorAjuste": 205.28,
  "valorAjusteM3": 312.43,
  "valorAjusteMR": 205.28,
  "createdAt": 1723479751585,
  "updatedAt": 0,
  "ruma": "66434a35e27c1999368e02db",
  "tipoAjuste": "REDUCE",
  "fechaGuia": "12-08-2024",
  "zona": "60dfe4d7ae62c2de16dcd44a",
  "origen": "651f142fd94e86910fc09707",
  "destino": "651f142fd94e86910fc09707",
  "especie": "60dfe5b4ba0ccfd21a8e04e1",
  "producto": "642c2bc0eb672a819cd147fa",
  "largo": 400,
  "factorCorteza": "60e328243cbd21f907c755f1",
  "fechaCorta": "15-10-2023",
  "procedencia": "60dff01eba0ccfd21a8e0507",
  "intervencion": "60dff1b4ba0ccfd21a8e0521",
  "estadoMadera": "60dff0beba0ccfd21a8e0512",
  "observaciones": "traspaso a ruma 998",
  "createdBy": "6183ea8b552fdb0d991d70a6",
  "__v": 0
},
  {
  "_id": "66ba371214b89c578435b13a",
  "valorAjuste": 205.28,
  "valorAjusteM3": 312.43,
  "valorAjusteMR": 205.28,
  "createdAt": 1723479826199,
  "updatedAt": 0,
  "ruma": "6690317a83e4984a47c2a991",
  "tipoAjuste": "ADD",
  "fechaGuia": "12-08-2024",
  "zona": "60dfe4d7ae62c2de16dcd44a",
  "origen": "651f142fd94e86910fc09707",
  "destino": "651f142fd94e86910fc09707",
  "especie": "60dfe5b4ba0ccfd21a8e04e1",
  "producto": "642c2bc0eb672a819cd147fa",
  "largo": 400,
  "factorCorteza": "60e328243cbd21f907c755f1",
  "fechaCorta": "15-10-2023",
  "procedencia": "60dff01eba0ccfd21a8e0507",
  "intervencion": "60dff1b4ba0ccfd21a8e0521",
  "estadoMadera": "60dff0beba0ccfd21a8e0512",
  "observaciones": "traslado desde la ruma 5222",
  "createdBy": "6183ea8b552fdb0d991d70a6",
  "__v": 0
},
  {
  "_id": "66ccb202cce8dde8157ac59e",
  "valorAjuste": 400,
  "valorAjusteM3": 608.8,
  "valorAjusteMR": 400,
  "createdAt": 1724690946654,
  "updatedAt": 0,
  "ruma": "661e749ebd429af8d1b84906",
  "tipoAjuste": "REDUCE",
  "fechaGuia": "26-08-2024",
  "zona": "60dfe4d7ae62c2de16dcd44a",
  "origen": "651f142fd94e86910fc09707",
  "destino": "651f142fd94e86910fc09707",
  "especie": "60dfe5b4ba0ccfd21a8e04e1",
  "producto": "642c2bc0eb672a819cd147fa",
  "largo": 400,
  "factorCorteza": "60e328243cbd21f907c755f1",
  "fechaCorta": "15-01-2024",
  "procedencia": "60dff01eba0ccfd21a8e0507",
  "intervencion": "60dff1b4ba0ccfd21a8e0521",
  "estadoMadera": "60dff0beba0ccfd21a8e0512",
  "observaciones": "traspaso a ruma 998",
  "createdBy": "6183ea8b552fdb0d991d70a6",
  "__v": 0
},
  {
  "_id": "66ccb23acce8dde8157ac59f",
  "valorAjuste": 400,
  "valorAjusteM3": 608.8,
  "valorAjusteMR": 400,
  "createdAt": 1724691002919,
  "updatedAt": 0,
  "ruma": "6690317a83e4984a47c2a991",
  "tipoAjuste": "ADD",
  "fechaGuia": "26-08-2024",
  "zona": "60dfe4d7ae62c2de16dcd44a",
  "origen": "651f142fd94e86910fc09707",
  "destino": "651f142fd94e86910fc09707",
  "especie": "60dfe5b4ba0ccfd21a8e04e1",
  "producto": "642c2bc0eb672a819cd147fa",
  "largo": 400,
  "factorCorteza": "60e328243cbd21f907c755f1",
  "fechaCorta": "15-01-2024",
  "procedencia": "60dff01eba0ccfd21a8e0507",
  "intervencion": "60dff1b4ba0ccfd21a8e0521",
  "estadoMadera": "60dff0beba0ccfd21a8e0512",
  "observaciones": "traspaso desde ruma 5214",
  "createdBy": "6183ea8b552fdb0d991d70a6",
  "__v": 0
},
  {
  "_id": "66d1e919eaa1925592692a9f",
  "valorAjuste": 282,
  "valorAjusteM3": 429.04,
  "valorAjusteMR": 282,
  "createdAt": 1725032729730,
  "updatedAt": 0,
  "ruma": "661724eebd429af8d1b819fc",
  "tipoAjuste": "REDUCE",
  "fechaGuia": "30-08-2024",
  "zona": "60dfe4d7ae62c2de16dcd44a",
  "origen": "651f142fd94e86910fc09707",
  "destino": "651f142fd94e86910fc09707",
  "especie": "60dfe5b4ba0ccfd21a8e04e1",
  "producto": "642c2bc0eb672a819cd147fa",
  "largo": 400,
  "factorCorteza": "60e328243cbd21f907c755f1",
  "fechaCorta": "15-01-2024",
  "procedencia": "60dff01eba0ccfd21a8e0507",
  "intervencion": "60dff1b4ba0ccfd21a8e0521",
  "estadoMadera": "60dff0beba0ccfd21a8e0512",
  "observaciones": "Traslado a ruma 998",
  "createdBy": "6183ea8b552fdb0d991d70a6",
  "__v": 0
},
  {
  "_id": "66d1e94ceaa1925592692aa1",
  "valorAjuste": 282,
  "valorAjusteM3": 429.04,
  "valorAjusteMR": 282,
  "createdAt": 1725032780430,
  "updatedAt": 0,
  "ruma": "6690317a83e4984a47c2a991",
  "tipoAjuste": "ADD",
  "fechaGuia": "30-08-2024",
  "zona": "60dfe4d7ae62c2de16dcd44a",
  "origen": "651f142fd94e86910fc09707",
  "destino": "651f142fd94e86910fc09707",
  "especie": "60dfe5b4ba0ccfd21a8e04e1",
  "producto": "642c2bc0eb672a819cd147fa",
  "largo": 400,
  "factorCorteza": "60e328243cbd21f907c755f1",
  "fechaCorta": "15-01-2024",
  "procedencia": "60dff01eba0ccfd21a8e0507",
  "intervencion": "60dff1b4ba0ccfd21a8e0521",
  "estadoMadera": "60dff0beba0ccfd21a8e0512",
  "observaciones": "traslado desde ruma 5212",
  "createdBy": "6183ea8b552fdb0d991d70a6",
  "__v": 0
},
  {
  "_id": "66db03d7eaa1925592695f40",
  "valorAjuste": 568.59,
  "valorAjusteM3": 865.39,
  "valorAjusteMR": 568.59,
  "createdAt": 1725629399829,
  "updatedAt": 0,
  "ruma": "662bdeb9881cf03c30d0f984",
  "tipoAjuste": "REDUCE",
  "fechaGuia": "06-09-2024",
  "zona": "60dfe4d7ae62c2de16dcd44a",
  "origen": "651f142fd94e86910fc09707",
  "destino": "651f142fd94e86910fc09707",
  "especie": "60dfe5b4ba0ccfd21a8e04e1",
  "producto": "642c2bc0eb672a819cd147fa",
  "largo": 400,
  "factorCorteza": "60e328243cbd21f907c755f1",
  "fechaCorta": "15-01-2024",
  "procedencia": "60dff01eba0ccfd21a8e0507",
  "intervencion": "60dff1b4ba0ccfd21a8e0521",
  "estadoMadera": "60dff0beba0ccfd21a8e0512",
  "observaciones": "Traslado a ruma 998",
  "createdBy": "6183ea8b552fdb0d991d70a6",
  "__v": 0
},
  {
  "_id": "66db041beaa1925592695f41",
  "valorAjuste": 568.59,
  "valorAjusteM3": 865.39,
  "valorAjusteMR": 568.59,
  "createdAt": 1725629467480,
  "updatedAt": 0,
  "ruma": "6690317a83e4984a47c2a991",
  "tipoAjuste": "ADD",
  "fechaGuia": "06-09-2024",
  "zona": "60dfe4d7ae62c2de16dcd44a",
  "origen": "651f142fd94e86910fc09707",
  "destino": "651f142fd94e86910fc09707",
  "especie": "60dfe5b4ba0ccfd21a8e04e1",
  "producto": "642c2bc0eb672a819cd147fa",
  "largo": 400,
  "factorCorteza": "60e328243cbd21f907c755f1",
  "fechaCorta": "15-01-2024",
  "procedencia": "60dff01eba0ccfd21a8e0507",
  "intervencion": "60dff1b4ba0ccfd21a8e0521",
  "estadoMadera": "60dff0beba0ccfd21a8e0512",
  "observaciones": "traslado desde ruma 5215",
  "createdBy": "6183ea8b552fdb0d991d70a6",
  "__v": 0
},
  {
  "_id": "66f40a9cfd72c57e3ad1e4bc",
  "valorAjuste": 797.49,
  "valorAjusteM3": 1210.19,
  "valorAjusteMR": 797.49,
  "createdAt": 1727269532625,
  "updatedAt": 0,
  "ruma": "66b6f7266c21c219e887e97e",
  "tipoAjuste": "REDUCE",
  "fechaGuia": "25-09-2024",
  "zona": "60dfe4d7ae62c2de16dcd44a",
  "origen": "651f142fd94e86910fc09707",
  "destino": "651f142fd94e86910fc09707",
  "especie": "60dfe5b4ba0ccfd21a8e04e1",
  "producto": "642c2bc0eb672a819cd147fa",
  "largo": 400,
  "factorCorteza": "60e328243cbd21f907c755f1",
  "fechaCorta": "15-01-2024",
  "procedencia": "60dff01eba0ccfd21a8e0507",
  "intervencion": "60dff1b4ba0ccfd21a8e0521",
  "estadoMadera": "60dff0beba0ccfd21a8e0512",
  "observaciones": "traspaso a ruma 998",
  "anioPlantacion": 2000,
  "descZona": "0",
  "createdBy": "6183ea8b552fdb0d991d70a6",
  "__v": 0
},
  {
  "_id": "66f40ad7fd72c57e3ad1e4be",
  "valorAjuste": 797.49,
  "valorAjusteM3": 1210.19,
  "valorAjusteMR": 797.49,
  "createdAt": 1727269591351,
  "updatedAt": 0,
  "ruma": "6690317a83e4984a47c2a991",
  "tipoAjuste": "ADD",
  "fechaGuia": "25-09-2024",
  "zona": "60dfe4d7ae62c2de16dcd44a",
  "origen": "651f142fd94e86910fc09707",
  "destino": "651f142fd94e86910fc09707",
  "especie": "60dfe5b4ba0ccfd21a8e04e1",
  "producto": "642c2bc0eb672a819cd147fa",
  "largo": 400,
  "factorCorteza": "60e328243cbd21f907c755f1",
  "fechaCorta": "15-01-2024",
  "procedencia": "60dff01eba0ccfd21a8e0507",
  "intervencion": "60dff1b4ba0ccfd21a8e0521",
  "estadoMadera": "60dff0beba0ccfd21a8e0512",
  "observaciones": "traspaso desde ruma 5235",
  "anioPlantacion": 2000,
  "descZona": "0",
  "createdBy": "6183ea8b552fdb0d991d70a6",
  "__v": 0
},
  {
  "_id": "66fac63bfd72c57e3ad20012",
  "valorAjuste": 535,
  "valorAjusteM3": 805.71,
  "valorAjusteMR": 535,
  "createdAt": 1727710779557,
  "updatedAt": 0,
  "ruma": "6533bc11c8ce046eb20ad0f2",
  "tipoAjuste": "REDUCE",
  "fechaGuia": "30-09-2024",
  "zona": "60dfe4d7ae62c2de16dcd44a",
  "origen": "651f142fd94e86910fc09707",
  "destino": "651f142fd94e86910fc09707",
  "especie": "60dfe5b4ba0ccfd21a8e04e1",
  "producto": "60e32b103cbd21f907c756a4",
  "largo": 400,
  "factorCorteza": "60e3280d3cbd21f907c755f0",
  "fechaCorta": "15-05-2023",
  "procedencia": "60dff01eba0ccfd21a8e0507",
  "intervencion": "60dff1b4ba0ccfd21a8e0521",
  "estadoMadera": "60dff0beba0ccfd21a8e0512",
  "observaciones": "",
  "anioPlantacion": 2009,
  "descZona": "Chillan",
  "createdBy": "610174f1116a140452889c03",
  "__v": 0
},
  {
  "_id": "671a476b578efe1844c0432d",
  "valorAjuste": 280.9,
  "valorAjusteM3": 423.03,
  "valorAjusteMR": 280.9,
  "createdAt": 1729775467683,
  "updatedAt": 0,
  "ruma": "670186547f1bbd308e37bfc9",
  "tipoAjuste": "REDUCE",
  "fechaGuia": "24-10-2024",
  "zona": "60dfe4d7ae62c2de16dcd44a",
  "origen": "651f142fd94e86910fc09707",
  "destino": "651f142fd94e86910fc09707",
  "especie": "60dfe5b4ba0ccfd21a8e04e1",
  "producto": "642c2bc0eb672a819cd147fa",
  "largo": 400,
  "factorCorteza": "60e328243cbd21f907c755f1",
  "fechaCorta": "15-01-2024",
  "procedencia": "60dff01eba0ccfd21a8e0507",
  "intervencion": "60dff1b4ba0ccfd21a8e0521",
  "estadoMadera": "60dff0adba0ccfd21a8e0511",
  "observaciones": "traslado a ruma 998",
  "anioPlantacion": 2000,
  "descZona": "0",
  "createdBy": "6183ea8b552fdb0d991d70a6",
  "__v": 0
},
  {
  "_id": "671a4809578efe1844c04330",
  "valorAjuste": 280.9,
  "valorAjusteM3": 423.03,
  "valorAjusteMR": 280.9,
  "createdAt": 1729775625668,
  "updatedAt": 0,
  "ruma": "6690317a83e4984a47c2a991",
  "tipoAjuste": "ADD",
  "fechaGuia": "24-10-2024",
  "zona": "60dfe4d7ae62c2de16dcd44a",
  "origen": "651f142fd94e86910fc09707",
  "destino": "651f142fd94e86910fc09707",
  "especie": "60dfe5b4ba0ccfd21a8e04e1",
  "producto": "642c2bc0eb672a819cd147fa",
  "largo": 400,
  "factorCorteza": "60e328243cbd21f907c755f1",
  "fechaCorta": "15-01-2024",
  "procedencia": "60dff01eba0ccfd21a8e0507",
  "intervencion": "60dff1b4ba0ccfd21a8e0521",
  "estadoMadera": "60dff0beba0ccfd21a8e0512",
  "observaciones": "traslado desde ruma 5246",
  "anioPlantacion": 2000,
  "descZona": "0",
  "createdBy": "6183ea8b552fdb0d991d70a6",
  "__v": 0
},
  {
  "_id": "671a4c63578efe1844c046af",
  "valorAjuste": 397.36,
  "valorAjusteM3": 598.42,
  "valorAjusteMR": 397.36,
  "createdAt": 1729776739275,
  "updatedAt": 0,
  "ruma": "6701865f7f1bbd308e37bfca",
  "tipoAjuste": "REDUCE",
  "fechaGuia": "24-10-2024",
  "zona": "60dfe4d7ae62c2de16dcd44a",
  "origen": "651f142fd94e86910fc09707",
  "destino": "651f142fd94e86910fc09707",
  "especie": "60dfe5b4ba0ccfd21a8e04e1",
  "producto": "642c2bc0eb672a819cd147fa",
  "largo": 400,
  "factorCorteza": "60e328243cbd21f907c755f1",
  "fechaCorta": "15-01-2024",
  "procedencia": "60dff01eba0ccfd21a8e0507",
  "intervencion": "60dff1b4ba0ccfd21a8e0521",
  "estadoMadera": "60dff0beba0ccfd21a8e0512",
  "observaciones": "traslado a ruma 998",
  "anioPlantacion": 2000,
  "descZona": "0",
  "createdBy": "6183ea8b552fdb0d991d70a6",
  "__v": 0
},
  {
  "_id": "671b8983578efe1844c05bb3",
  "valorAjuste": 397.36,
  "valorAjusteM3": 598.42,
  "valorAjusteMR": 397.46,
  "createdAt": 1729857923875,
  "updatedAt": 0,
  "ruma": "6690317a83e4984a47c2a991",
  "tipoAjuste": "ADD",
  "fechaGuia": "25-10-2024",
  "zona": "60dfe4d7ae62c2de16dcd44a",
  "origen": "651f142fd94e86910fc09707",
  "destino": "651f142fd94e86910fc09707",
  "especie": "60dfe5b4ba0ccfd21a8e04e1",
  "producto": "642c2bc0eb672a819cd147fa",
  "largo": 400,
  "factorCorteza": "60e328243cbd21f907c755f1",
  "fechaCorta": "15-01-2024",
  "procedencia": "60dff01eba0ccfd21a8e0507",
  "intervencion": "60dff1b4ba0ccfd21a8e0521",
  "estadoMadera": "60dff0beba0ccfd21a8e0512",
  "observaciones": "TRASLADO DESDE RUMA 5247",
  "anioPlantacion": 2000,
  "descZona": "0",
  "createdBy": "6183ea8b552fdb0d991d70a6",
  "__v": 0
},
  {
  "_id": "6720d68f155a01cbd9d24224",
  "valorAjuste": 68.76,
  "valorAjusteM3": 132.64,
  "valorAjusteMR": 68.76,
  "createdAt": 1730205327813,
  "updatedAt": 0,
  "ruma": "66464138b513b131b937dd48",
  "tipoAjuste": "REDUCE",
  "fechaGuia": "29-10-2024",
  "zona": "60dfe4d7ae62c2de16dcd44a",
  "origen": "60dfee81ba0ccfd21a8e04ff",
  "destino": "60dfee81ba0ccfd21a8e04ff",
  "especie": "60dfe5b4ba0ccfd21a8e04e1",
  "producto": "642c25bfeb672a819cd147d9",
  "largo": 375,
  "factorCorteza": "60e328243cbd21f907c755f1",
  "fechaCorta": "15-07-2023",
  "procedencia": "60dff01eba0ccfd21a8e0507",
  "intervencion": "60dff1b4ba0ccfd21a8e0521",
  "estadoMadera": "60dff0beba0ccfd21a8e0512",
  "observaciones": "TRASLADO A RUMA 400",
  "anioPlantacion": 2003,
  "descZona": "0",
  "createdBy": "6183ea8b552fdb0d991d70a6",
  "__v": 0
},
  {
  "_id": "6720d6c1155a01cbd9d24225",
  "valorAjuste": 68.76,
  "valorAjusteM3": 132.64,
  "valorAjusteMR": 68.76,
  "createdAt": 1730205377249,
  "updatedAt": 0,
  "ruma": "66aa63426c21c219e886f417",
  "tipoAjuste": "ADD",
  "fechaGuia": "29-10-2024",
  "zona": "60dfe4d7ae62c2de16dcd44a",
  "origen": "60dfee81ba0ccfd21a8e04ff",
  "destino": "60dfee81ba0ccfd21a8e04ff",
  "especie": "60dfe5b4ba0ccfd21a8e04e1",
  "producto": "642c25bfeb672a819cd147d9",
  "largo": 375,
  "factorCorteza": "60e328243cbd21f907c755f1",
  "fechaCorta": "15-07-2023",
  "procedencia": "60dff01eba0ccfd21a8e0507",
  "intervencion": "60dff1b4ba0ccfd21a8e0521",
  "estadoMadera": "60dff0beba0ccfd21a8e0512",
  "observaciones": "TRASLADO DESDE RUMA 370",
  "anioPlantacion": 2003,
  "descZona": "0",
  "createdBy": "6183ea8b552fdb0d991d70a6",
  "__v": 0
},
  {
  "_id": "6720fffd155a01cbd9d2601d",
  "valorAjuste": 0.1,
  "valorAjusteM3": 281.49,
  "valorAjusteMR": 179.03,
  "createdAt": 1730215933054,
  "updatedAt": 0,
  "ruma": "670461197f1bbd308e37c13d",
  "tipoAjuste": "ADD",
  "fechaGuia": "29-10-2024",
  "zona": "60dfe4d7ae62c2de16dcd44a",
  "origen": "651f142fd94e86910fc09707",
  "destino": "651f142fd94e86910fc09707",
  "especie": "60dfe5b4ba0ccfd21a8e04e1",
  "producto": "60e32b103cbd21f907c756a4",
  "largo": 400,
  "factorCorteza": "60e3280d3cbd21f907c755f0",
  "fechaCorta": "30-11-2023",
  "procedencia": "60dff01eba0ccfd21a8e0507",
  "intervencion": "60dff1b4ba0ccfd21a8e0521",
  "estadoMadera": "60dff0adba0ccfd21a8e0511",
  "observaciones": "PRUEBA DE CALCULO AJUSTE",
  "anioPlantacion": 2010,
  "descZona": "FC00",
  "createdBy": "610174f1116a140452889c03",
  "__v": 0
},
  {
  "_id": "67320d8519d02d935a6781b7",
  "valorAjuste": 342.5,
  "valorAjusteM3": 521.29,
  "valorAjusteMR": 342.5,
  "createdAt": 1731333509428,
  "updatedAt": 0,
  "ruma": "67120bef51368e839372754a",
  "tipoAjuste": "REDUCE",
  "fechaGuia": "11-11-2024",
  "zona": "60dfe4d7ae62c2de16dcd44a",
  "origen": "651f142fd94e86910fc09707",
  "destino": "651f142fd94e86910fc09707",
  "especie": "60dfe5b4ba0ccfd21a8e04e1",
  "producto": "642c2bc0eb672a819cd147fa",
  "largo": 400,
  "factorCorteza": "60e328243cbd21f907c755f1",
  "fechaCorta": "15-01-2024",
  "procedencia": "60dff01eba0ccfd21a8e0507",
  "intervencion": "60dff1b4ba0ccfd21a8e0521",
  "estadoMadera": "60dff0beba0ccfd21a8e0512",
  "observaciones": "traslado a ruma 998",
  "anioPlantacion": 2000,
  "descZona": "54",
  "createdBy": "6183ea8b552fdb0d991d70a6",
  "__v": 0
},
  {
  "_id": "67320dd419d02d935a6781b8",
  "valorAjuste": 342.5,
  "valorAjusteM3": 521.29,
  "valorAjusteMR": 342.5,
  "createdAt": 1731333588616,
  "updatedAt": 0,
  "ruma": "6690317a83e4984a47c2a991",
  "tipoAjuste": "ADD",
  "fechaGuia": "11-11-2024",
  "zona": "60dfe4d7ae62c2de16dcd44a",
  "origen": "651f142fd94e86910fc09707",
  "destino": "651f142fd94e86910fc09707",
  "especie": "60dfe5b4ba0ccfd21a8e04e1",
  "producto": "642c2bc0eb672a819cd147fa",
  "largo": 400,
  "factorCorteza": "60e328243cbd21f907c755f1",
  "fechaCorta": "15-01-2024",
  "procedencia": "60dff01eba0ccfd21a8e0507",
  "intervencion": "60dff1b4ba0ccfd21a8e0521",
  "estadoMadera": "60dff0beba0ccfd21a8e0512",
  "observaciones": "traslado desde ruma 5251",
  "anioPlantacion": 2000,
  "descZona": "54",
  "createdBy": "6183ea8b552fdb0d991d70a6",
  "__v": 0
},
  {
  "_id": "6734e4dda8c61272d08211b5",
  "valorAjuste": 334.67,
  "valorAjusteM3": 509.37,
  "valorAjusteMR": 334.67,
  "createdAt": 1731519709086,
  "updatedAt": 0,
  "ruma": "6718d10d578efe1844c02bed",
  "tipoAjuste": "REDUCE",
  "fechaGuia": "13-11-2024",
  "zona": "60dfe4d7ae62c2de16dcd44a",
  "origen": "651f142fd94e86910fc09707",
  "destino": "651f142fd94e86910fc09707",
  "especie": "60dfe5b4ba0ccfd21a8e04e1",
  "producto": "642c2bc0eb672a819cd147fa",
  "largo": 400,
  "factorCorteza": "60e328243cbd21f907c755f1",
  "fechaCorta": "15-01-2024",
  "procedencia": "60dff01eba0ccfd21a8e0507",
  "intervencion": "60dff1b4ba0ccfd21a8e0521",
  "estadoMadera": "60dff0beba0ccfd21a8e0512",
  "observaciones": "TRASLADO A RUMA 998",
  "anioPlantacion": 2000,
  "descZona": "54",
  "createdBy": "6183ea8b552fdb0d991d70a6",
  "__v": 0
},
  {
  "_id": "6734e510a8c61272d08211b7",
  "valorAjuste": 334.67,
  "valorAjusteM3": 509.37,
  "valorAjusteMR": 334.67,
  "createdAt": 1731519760048,
  "updatedAt": 0,
  "ruma": "6690317a83e4984a47c2a991",
  "tipoAjuste": "ADD",
  "fechaGuia": "13-11-2024",
  "zona": "60dfe4d7ae62c2de16dcd44a",
  "origen": "651f142fd94e86910fc09707",
  "destino": "651f142fd94e86910fc09707",
  "especie": "60dfe5b4ba0ccfd21a8e04e1",
  "producto": "642c2bc0eb672a819cd147fa",
  "largo": 400,
  "factorCorteza": "60e328243cbd21f907c755f1",
  "fechaCorta": "15-01-2024",
  "procedencia": "60dff01eba0ccfd21a8e0507",
  "intervencion": "60dff1b4ba0ccfd21a8e0521",
  "estadoMadera": "60dff0beba0ccfd21a8e0512",
  "observaciones": "TRASLADO DESDE RUMA 5252",
  "anioPlantacion": 2000,
  "descZona": "54",
  "createdBy": "6183ea8b552fdb0d991d70a6",
  "__v": 0
},
  {
  "_id": "675c2b682ac02be1fa73d15b",
  "valorAjuste": 365.86,
  "valorAjusteM3": 556.84,
  "valorAjusteMR": 365.86,
  "createdAt": 1734093672018,
  "updatedAt": 0,
  "ruma": "6734c0bea8c61272d0821164",
  "tipoAjuste": "REDUCE",
  "fechaGuia": "13-12-2024",
  "zona": "60dfe4d7ae62c2de16dcd44a",
  "origen": "651f142fd94e86910fc09707",
  "destino": "651f142fd94e86910fc09707",
  "especie": "60dfe5b4ba0ccfd21a8e04e1",
  "producto": "642c2bc0eb672a819cd147fa",
  "largo": 400,
  "factorCorteza": "60e328243cbd21f907c755f1",
  "fechaCorta": "15-01-2024",
  "procedencia": "60dff01eba0ccfd21a8e0507",
  "intervencion": "60dff1b4ba0ccfd21a8e0521",
  "estadoMadera": "60dff0beba0ccfd21a8e0512",
  "observaciones": "traslado a ruma 998",
  "anioPlantacion": 2000,
  "descZona": "54",
  "createdBy": "6183ea8b552fdb0d991d70a6",
  "__v": 0
},
  {
  "_id": "675c2c1d2ac02be1fa73d15d",
  "valorAjuste": 646.1,
  "valorAjusteM3": 983.36,
  "valorAjusteMR": 646.1,
  "createdAt": 1734093853331,
  "updatedAt": 0,
  "ruma": "673851b1e4139b00a3db9ce1",
  "tipoAjuste": "REDUCE",
  "fechaGuia": "13-12-2024",
  "zona": "60dfe4d7ae62c2de16dcd44a",
  "origen": "651f142fd94e86910fc09707",
  "destino": "651f142fd94e86910fc09707",
  "especie": "60dfe5b4ba0ccfd21a8e04e1",
  "producto": "642c2bc0eb672a819cd147fa",
  "largo": 400,
  "factorCorteza": "60e328243cbd21f907c755f1",
  "fechaCorta": "15-01-2024",
  "procedencia": "60dff01eba0ccfd21a8e0507",
  "intervencion": "60dff1b4ba0ccfd21a8e0521",
  "estadoMadera": "60dff0beba0ccfd21a8e0512",
  "observaciones": "TRASLADO A RUMA 998",
  "anioPlantacion": 2000,
  "descZona": "54",
  "createdBy": "6183ea8b552fdb0d991d70a6",
  "__v": 0
},
  {
  "_id": "675c2c672ac02be1fa73d15e",
  "valorAjuste": 646.1,
  "valorAjusteM3": 983.36,
  "valorAjusteMR": 646.1,
  "createdAt": 1734093927978,
  "updatedAt": 0,
  "ruma": "6690317a83e4984a47c2a991",
  "tipoAjuste": "ADD",
  "fechaGuia": "13-12-2024",
  "zona": "60dfe4d7ae62c2de16dcd44a",
  "origen": "651f142fd94e86910fc09707",
  "destino": "651f142fd94e86910fc09707",
  "especie": "60dfe5b4ba0ccfd21a8e04e1",
  "producto": "642c2bc0eb672a819cd147fa",
  "largo": 400,
  "factorCorteza": "60e328243cbd21f907c755f1",
  "fechaCorta": "15-01-2024",
  "procedencia": "60dff01eba0ccfd21a8e0507",
  "intervencion": "60dff1b4ba0ccfd21a8e0521",
  "estadoMadera": "60dff0beba0ccfd21a8e0512",
  "observaciones": "TRASLADO DESDE RUMA 5259",
  "anioPlantacion": 2000,
  "descZona": "54",
  "createdBy": "6183ea8b552fdb0d991d70a6",
  "__v": 0
},
  {
  "_id": "675c2cea2ac02be1fa73d160",
  "valorAjuste": 351.23,
  "valorAjusteM3": 534.57,
  "valorAjusteMR": 351.23,
  "createdAt": 1734094058763,
  "updatedAt": 0,
  "ruma": "673cfa1e82fb13bdb38db5fe",
  "tipoAjuste": "REDUCE",
  "fechaGuia": "13-12-2024",
  "zona": "60dfe4d7ae62c2de16dcd44a",
  "origen": "651f142fd94e86910fc09707",
  "destino": "651f142fd94e86910fc09707",
  "especie": "60dfe5b4ba0ccfd21a8e04e1",
  "producto": "642c2bc0eb672a819cd147fa",
  "largo": 400,
  "factorCorteza": "60e328243cbd21f907c755f1",
  "fechaCorta": "15-01-2024",
  "procedencia": "60dff01eba0ccfd21a8e0507",
  "intervencion": "60dff1b4ba0ccfd21a8e0521",
  "estadoMadera": "60dff0beba0ccfd21a8e0512",
  "observaciones": "TRASLADO A RUMA 998",
  "anioPlantacion": 2000,
  "descZona": "54",
  "createdBy": "6183ea8b552fdb0d991d70a6",
  "__v": 0
},
  {
  "_id": "675c2d262ac02be1fa73d161",
  "valorAjuste": 351.23,
  "valorAjusteM3": 534.57,
  "valorAjusteMR": 351.23,
  "createdAt": 1734094118146,
  "updatedAt": 0,
  "ruma": "6690317a83e4984a47c2a991",
  "tipoAjuste": "ADD",
  "fechaGuia": "13-12-2024",
  "zona": "60dfe4d7ae62c2de16dcd44a",
  "origen": "651f142fd94e86910fc09707",
  "destino": "651f142fd94e86910fc09707",
  "especie": "60dfe5b4ba0ccfd21a8e04e1",
  "producto": "642c2bc0eb672a819cd147fa",
  "largo": 400,
  "factorCorteza": "60e328243cbd21f907c755f1",
  "fechaCorta": "15-01-2024",
  "procedencia": "60dff01eba0ccfd21a8e0507",
  "intervencion": "60dff1b4ba0ccfd21a8e0521",
  "estadoMadera": "60dff0beba0ccfd21a8e0512",
  "observaciones": "TRASLADO DESDE RUMA 5260",
  "anioPlantacion": 2000,
  "descZona": "54",
  "createdBy": "6183ea8b552fdb0d991d70a6",
  "__v": 0
},
  {
  "_id": "675c2f8e2ac02be1fa73d164",
  "valorAjuste": 260.12,
  "valorAjusteM3": 395.9,
  "valorAjusteMR": 260.12,
  "createdAt": 1734094734582,
  "updatedAt": 0,
  "ruma": "6594460e1d32a739bb907bea",
  "tipoAjuste": "REDUCE",
  "fechaGuia": "13-12-2024",
  "zona": "60dfe4d7ae62c2de16dcd44a",
  "origen": "60dfee81ba0ccfd21a8e04ff",
  "destino": "60dfee81ba0ccfd21a8e04ff",
  "especie": "60dfe5b4ba0ccfd21a8e04e1",
  "producto": "642c2bc0eb672a819cd147fa",
  "largo": 400,
  "factorCorteza": "60e328243cbd21f907c755f1",
  "fechaCorta": "15-02-2024",
  "procedencia": "60dff01eba0ccfd21a8e0507",
  "intervencion": "60dff1b4ba0ccfd21a8e0521",
  "estadoMadera": "60dff0beba0ccfd21a8e0512",
  "observaciones": "TRASLADO A LA RUMA 400",
  "anioPlantacion": 2002,
  "descZona": "54",
  "createdBy": "6183ea8b552fdb0d991d70a6",
  "__v": 0
},
  {
  "_id": "675c2fd32ac02be1fa73d166",
  "valorAjuste": 260.12,
  "valorAjusteM3": 395.9,
  "valorAjusteMR": 260.12,
  "createdAt": 1734094803548,
  "updatedAt": 0,
  "ruma": "66aa63426c21c219e886f417",
  "tipoAjuste": "ADD",
  "fechaGuia": "13-12-2024",
  "zona": "60dfe4d7ae62c2de16dcd44a",
  "origen": "60dfee81ba0ccfd21a8e04ff",
  "destino": "60dfee81ba0ccfd21a8e04ff",
  "especie": "60dfe5b4ba0ccfd21a8e04e1",
  "producto": "642c2bc0eb672a819cd147fa",
  "largo": 400,
  "factorCorteza": "60e328243cbd21f907c755f1",
  "fechaCorta": "15-02-2024",
  "procedencia": "60dff01eba0ccfd21a8e0507",
  "intervencion": "60dff1b4ba0ccfd21a8e0521",
  "estadoMadera": "60dff0beba0ccfd21a8e0512",
  "observaciones": "TRASLADO DESDE LA RUMA 310",
  "anioPlantacion": 2002,
  "descZona": "54",
  "createdBy": "6183ea8b552fdb0d991d70a6",
  "__v": 0
},
  {
  "_id": "676311962ac02be1fa73fff7",
  "valorAjuste": 201.56,
  "valorAjusteM3": 320.88,
  "valorAjusteMR": 201.56,
  "createdAt": 1734545814475,
  "updatedAt": 0,
  "ruma": "67630f4d2ac02be1fa73ffee",
  "tipoAjuste": "ADD",
  "fechaGuia": "18-12-2024",
  "zona": "60dfe4d7ae62c2de16dcd44a",
  "origen": "60dfee81ba0ccfd21a8e04ff",
  "destino": "60dfee81ba0ccfd21a8e04ff",
  "especie": "60dfe5b4ba0ccfd21a8e04e1",
  "producto": "60e32b103cbd21f907c7569b",
  "largo": 244,
  "factorCorteza": "60e328243cbd21f907c755f1",
  "fechaCorta": "15-01-2023",
  "procedencia": "60dff01eba0ccfd21a8e0507",
  "intervencion": "60dff1b4ba0ccfd21a8e0521",
  "estadoMadera": "61a53f959b05a4d06c9de711",
  "observaciones": "",
  "anioPlantacion": 2000,
  "descZona": "54",
  "createdBy": "6183ea8b552fdb0d991d70a6",
  "__v": 0
},
  {
  "_id": "676311ea2ac02be1fa73fff8",
  "valorAjuste": 256.96,
  "valorAjusteM3": 409.08,
  "valorAjusteMR": 256.96,
  "createdAt": 1734545898298,
  "updatedAt": 0,
  "ruma": "676310f42ac02be1fa73fff5",
  "tipoAjuste": "ADD",
  "fechaGuia": "18-12-2024",
  "zona": "60dfe4d7ae62c2de16dcd44a",
  "origen": "60dfee81ba0ccfd21a8e04ff",
  "destino": "60dfee81ba0ccfd21a8e04ff",
  "especie": "60dfe5b4ba0ccfd21a8e04e1",
  "producto": "60e32b103cbd21f907c7569b",
  "largo": 244,
  "factorCorteza": "60e328243cbd21f907c755f1",
  "fechaCorta": "15-01-2023",
  "procedencia": "60dff01eba0ccfd21a8e0507",
  "intervencion": "60dff1b4ba0ccfd21a8e0521",
  "estadoMadera": "60dff0c8ba0ccfd21a8e0513",
  "observaciones": "",
  "anioPlantacion": 2000,
  "descZona": "54",
  "createdBy": "6183ea8b552fdb0d991d70a6",
  "__v": 0
},
  {
  "_id": "676313132ac02be1fa73fffa",
  "valorAjuste": 9.15,
  "valorAjusteM3": 14.23,
  "valorAjusteMR": 9.15,
  "createdAt": 1734546195741,
  "updatedAt": 0,
  "ruma": "676312d52ac02be1fa73fff9",
  "tipoAjuste": "ADD",
  "fechaGuia": "18-12-2024",
  "zona": "60dfe4d7ae62c2de16dcd44a",
  "origen": "60dfee81ba0ccfd21a8e04ff",
  "destino": "60dfee81ba0ccfd21a8e04ff",
  "especie": "60dfe5f6ba0ccfd21a8e04e3",
  "producto": "64107dacf8b965c4b10c3ec7",
  "largo": 350,
  "factorCorteza": "60e3280d3cbd21f907c755f0",
  "fechaCorta": "15-02-2023",
  "procedencia": "60dff01eba0ccfd21a8e0507",
  "intervencion": "60dff1b4ba0ccfd21a8e0521",
  "estadoMadera": "60dff0c8ba0ccfd21a8e0513",
  "observaciones": "",
  "anioPlantacion": 2005,
  "descZona": "54",
  "createdBy": "6183ea8b552fdb0d991d70a6",
  "__v": 0
},
  {
  "_id": "6765d0ff083b2cdd3a163c00",
  "valorAjuste": 289.81,
  "valorAjusteM3": 457,
  "valorAjusteMR": 289.81,
  "createdAt": 1734725887901,
  "updatedAt": 0,
  "ruma": "6690317a83e4984a47c2a991",
  "tipoAjuste": "ADD",
  "fechaGuia": "17-07-2024",
  "zona": "60dfe4d7ae62c2de16dcd44a",
  "origen": "651f142fd94e86910fc09707",
  "destino": "651f142fd94e86910fc09707",
  "especie": "60dfe5b4ba0ccfd21a8e04e1",
  "producto": "642c2b9feb672a819cd147f9",
  "largo": 244,
  "factorCorteza": "60e328243cbd21f907c755f1",
  "fechaCorta": "15-05-2023",
  "procedencia": "60dff01eba0ccfd21a8e0507",
  "intervencion": "60dff1b4ba0ccfd21a8e0521",
  "estadoMadera": "60dff0beba0ccfd21a8e0512",
  "observaciones": "Traspaso 104 a 998",
  "anioPlantacion": 2010,
  "descZona": "FC00",
  "createdBy": "610174f1116a140452889c03",
  "__v": 0
},
  {
  "_id": "6769bdd9083b2cdd3a164c99",
  "valorAjuste": 365.86,
  "valorAjusteM3": 556.84,
  "valorAjusteMR": 365.86,
  "createdAt": 1734983129612,
  "updatedAt": 0,
  "ruma": "6690317a83e4984a47c2a991",
  "tipoAjuste": "ADD",
  "fechaGuia": "23-12-2024",
  "zona": "60dfe4d7ae62c2de16dcd44a",
  "origen": "651f142fd94e86910fc09707",
  "destino": "651f142fd94e86910fc09707",
  "especie": "60dfe5b4ba0ccfd21a8e04e1",
  "producto": "642c2bc0eb672a819cd147fa",
  "largo": 400,
  "factorCorteza": "60e328243cbd21f907c755f1",
  "fechaCorta": "15-01-2024",
  "procedencia": "60dff01eba0ccfd21a8e0507",
  "intervencion": "60dff1b4ba0ccfd21a8e0521",
  "estadoMadera": "60dff0beba0ccfd21a8e0512",
  "observaciones": "traslado desde la ruma 5258",
  "anioPlantacion": 2000,
  "descZona": "54",
  "createdBy": "6183ea8b552fdb0d991d70a6",
  "__v": 0
},
  {
  "_id": "679bb1b26ba001cc33f8cd74",
  "valorAjuste": 102.5,
  "valorAjusteM3": 162.4,
  "valorAjusteMR": 102.5,
  "createdAt": 1738256818528,
  "updatedAt": 0,
  "ruma": "679bb1506ba001cc33f8cd73",
  "tipoAjuste": "ADD",
  "fechaGuia": "01-01-2019",
  "zona": "60dfe4d7ae62c2de16dcd44a",
  "origen": "60dfee22ba0ccfd21a8e04fb",
  "destino": "60dfee22ba0ccfd21a8e04fb",
  "especie": "60dfe62cba0ccfd21a8e04e6",
  "producto": "679bb1386ba001cc33f8cd72",
  "largo": 244,
  "factorCorteza": "60e328243cbd21f907c755f1",
  "fechaCorta": "01-07-2018",
  "procedencia": "60dff01eba0ccfd21a8e0507",
  "intervencion": "60dff1b4ba0ccfd21a8e0521",
  "estadoMadera": "60dff0c8ba0ccfd21a8e0513",
  "observaciones": "Ajuste en inventario",
  "anioPlantacion": 2000,
  "descZona": "FC00",
  "createdBy": "610174f1116a140452889c03",
  "__v": 0
},
  {
  "_id": "67dc61d574cec94f9dc5c2fd",
  "valorAjuste": 227.82,
  "valorAjusteM3": 346.74,
  "valorAjusteMR": 227.82,
  "createdAt": 1742496213013,
  "updatedAt": 0,
  "ruma": "6785c2e2b4ef74cba881268a",
  "tipoAjuste": "REDUCE",
  "fechaGuia": "20-03-2025",
  "zona": "60dfe4d7ae62c2de16dcd44a",
  "origen": "651f142fd94e86910fc09707",
  "destino": "651f142fd94e86910fc09707",
  "especie": "60dfe5b4ba0ccfd21a8e04e1",
  "producto": "642c2bc0eb672a819cd147fa",
  "largo": 400,
  "factorCorteza": "60e328243cbd21f907c755f1",
  "fechaCorta": "15-09-2024",
  "procedencia": "60dff01eba0ccfd21a8e0507",
  "intervencion": "60dff1b4ba0ccfd21a8e0521",
  "estadoMadera": "60dff0beba0ccfd21a8e0512",
  "observaciones": "traslado a ruma 999",
  "anioPlantacion": 2006,
  "descZona": "54",
  "createdBy": "6183ea8b552fdb0d991d70a6",
  "__v": 0
},
  {
  "_id": "67dc620774cec94f9dc5c2fe",
  "valorAjuste": 227.82,
  "valorAjusteM3": 346.74,
  "valorAjusteMR": 227.82,
  "createdAt": 1742496263905,
  "updatedAt": 0,
  "ruma": "669031d383e4984a47c2a994",
  "tipoAjuste": "ADD",
  "fechaGuia": "20-03-2025",
  "zona": "60dfe4d7ae62c2de16dcd44a",
  "origen": "651f142fd94e86910fc09707",
  "destino": "651f142fd94e86910fc09707",
  "especie": "60dfe5b4ba0ccfd21a8e04e1",
  "producto": "642c2bc0eb672a819cd147fa",
  "largo": 400,
  "factorCorteza": "60e328243cbd21f907c755f1",
  "fechaCorta": "15-09-2024",
  "procedencia": "60dff01eba0ccfd21a8e0507",
  "intervencion": "60dff1b4ba0ccfd21a8e0521",
  "estadoMadera": "60dff0beba0ccfd21a8e0512",
  "observaciones": "traslado desde ruma 5264",
  "anioPlantacion": 2006,
  "descZona": "54",
  "createdBy": "6183ea8b552fdb0d991d70a6",
  "__v": 0
},
  {
  "_id": "67dc658e74cec94f9dc5c30c",
  "valorAjuste": 9.92,
  "valorAjusteM3": 14.87,
  "valorAjusteMR": 9.92,
  "createdAt": 1742497166994,
  "updatedAt": 0,
  "ruma": "67dc63e374cec94f9dc5c304",
  "tipoAjuste": "ADD",
  "fechaGuia": "12-02-2025",
  "zona": "60dfe4d7ae62c2de16dcd44a",
  "origen": "60e90cf10351b55538c40e46",
  "destino": "65e1fcb20a85dd2898a3e578",
  "especie": "60dfe5d7ba0ccfd21a8e04e2",
  "producto": "611c7e9a595ddfff4dcf78d5",
  "largo": 244,
  "factorCorteza": "60e328243cbd21f907c755f1",
  "fechaCorta": "01-02-2025",
  "procedencia": "60dff01eba0ccfd21a8e0507",
  "intervencion": "60dff1b4ba0ccfd21a8e0521",
  "estadoMadera": "60dff0beba0ccfd21a8e0512",
  "observaciones": "DEVO ASOCIADO AL DOCUMENTO 246528 ",
  "anioPlantacion": 2000,
  "descZona": "FC00",
  "createdBy": "610174f1116a140452889c03",
  "__v": 0
},
  {
  "_id": "67dc662174cec94f9dc5c311",
  "valorAjuste": 262.29,
  "valorAjusteM3": 382.943,
  "valorAjusteMR": 262.29,
  "createdAt": 1742497313312,
  "updatedAt": 0,
  "ruma": "67dc63c374cec94f9dc5c303",
  "tipoAjuste": "ADD",
  "fechaGuia": "01-02-2025",
  "zona": "60dfe4d7ae62c2de16dcd44a",
  "origen": "65e1fcb20a85dd2898a3e578",
  "destino": "65e1fcb20a85dd2898a3e578",
  "especie": "60dfe5d7ba0ccfd21a8e04e2",
  "producto": "658c315d1d32a739bb905bba",
  "largo": 550,
  "factorCorteza": "60e328243cbd21f907c755f1",
  "fechaCorta": "12-02-2025",
  "procedencia": "60dff01eba0ccfd21a8e0507",
  "intervencion": "60dff1b4ba0ccfd21a8e0521",
  "estadoMadera": "60dff0beba0ccfd21a8e0512",
  "observaciones": "DEVOLUCION ASOCIADA AL DOCUMENTO 246529",
  "anioPlantacion": 2000,
  "descZona": "FC00",
  "createdBy": "610174f1116a140452889c03",
  "__v": 0
},
  {
  "_id": "67e17a645ed4fcc7ac0557b3",
  "valorAjuste": 225.33,
  "valorAjusteM3": 358.73,
  "valorAjusteMR": 225.33,
  "createdAt": 1742830180560,
  "updatedAt": 0,
  "ruma": "67b889ab56d3c0495057d50c",
  "tipoAjuste": "REDUCE",
  "fechaGuia": "24-03-2025",
  "zona": "60dfe4d7ae62c2de16dcd44a",
  "origen": "651f142fd94e86910fc09707",
  "destino": "651f142fd94e86910fc09707",
  "especie": "60dfe5b4ba0ccfd21a8e04e1",
  "producto": "642c2b9feb672a819cd147f9",
  "largo": 244,
  "factorCorteza": "60e328243cbd21f907c755f1",
  "fechaCorta": "15-06-2024",
  "procedencia": "60dff01eba0ccfd21a8e0507",
  "intervencion": "60dff1b4ba0ccfd21a8e0521",
  "estadoMadera": "60dff0beba0ccfd21a8e0512",
  "observaciones": "traslado a ruma 999",
  "anioPlantacion": 2009,
  "descZona": "54",
  "createdBy": "6183ea8b552fdb0d991d70a6",
  "__v": 0
},
  {
  "_id": "67e17a985ed4fcc7ac0557b5",
  "valorAjuste": 225.33,
  "valorAjusteM3": 358.73,
  "valorAjusteMR": 225.33,
  "createdAt": 1742830232031,
  "updatedAt": 0,
  "ruma": "669031d383e4984a47c2a994",
  "tipoAjuste": "ADD",
  "fechaGuia": "24-03-2025",
  "zona": "60dfe4d7ae62c2de16dcd44a",
  "origen": "651f142fd94e86910fc09707",
  "destino": "651f142fd94e86910fc09707",
  "especie": "60dfe5b4ba0ccfd21a8e04e1",
  "producto": "642c2b9feb672a819cd147f9",
  "largo": 244,
  "factorCorteza": "60e328243cbd21f907c755f1",
  "fechaCorta": "15-06-2024",
  "procedencia": "60dff01eba0ccfd21a8e0507",
  "intervencion": "60dff1b4ba0ccfd21a8e0521",
  "estadoMadera": "60dff0beba0ccfd21a8e0512",
  "observaciones": "traslado desde ruma 5152",
  "anioPlantacion": 2009,
  "descZona": "54",
  "createdBy": "6183ea8b552fdb0d991d70a6",
  "__v": 0
},
  {
  "_id": "67e2d0e85ed4fcc7ac056ede",
  "valorAjuste": 102.5,
  "valorAjusteM3": 162.4,
  "valorAjusteMR": 102.5,
  "createdAt": 1742917864043,
  "updatedAt": 0,
  "ruma": "67e2d0125ed4fcc7ac056edd",
  "tipoAjuste": "ADD",
  "fechaGuia": "01-07-2018",
  "zona": "60dfe4d7ae62c2de16dcd44a",
  "origen": "60e90cf10351b55538c40e46",
  "destino": "60dfee22ba0ccfd21a8e04fb",
  "especie": "60dfe62cba0ccfd21a8e04e6",
  "producto": "679bb1386ba001cc33f8cd72",
  "largo": 244,
  "factorCorteza": "60e328243cbd21f907c755f1",
  "fechaCorta": "01-07-2018",
  "procedencia": "60dff01eba0ccfd21a8e0507",
  "intervencion": "60dff1b4ba0ccfd21a8e0521",
  "estadoMadera": "60dff0d2ba0ccfd21a8e0514",
  "observaciones": "RUMA ANTIGUA DESDE INIICO CANCHA",
  "anioPlantacion": 2000,
  "descZona": "FC00",
  "createdBy": "610174f1116a140452889c03",
  "__v": 0
},
  {
  "_id": "67e2dc215ed4fcc7ac056f00",
  "valorAjuste": 162,
  "valorAjusteM3": 243,
  "valorAjusteMR": 162,
  "createdAt": 1742920737704,
  "updatedAt": 0,
  "ruma": "631b818b246018bad00b2c4b",
  "tipoAjuste": "REDUCE",
  "fechaGuia": "01-03-2025",
  "zona": "60dfe4d7ae62c2de16dcd44a",
  "origen": "60dfee22ba0ccfd21a8e04fb",
  "destino": "60dfee22ba0ccfd21a8e04fb",
  "especie": "60dfe5d7ba0ccfd21a8e04e2",
  "producto": "6297cdd20d7fd9ae66981700",
  "largo": 244,
  "factorCorteza": "60e328243cbd21f907c755f1",
  "fechaCorta": "01-09-2022",
  "procedencia": "60dff007ba0ccfd21a8e0506",
  "intervencion": "60dff1b4ba0ccfd21a8e0521",
  "estadoMadera": "61a53f959b05a4d06c9de711",
  "observaciones": "AJUSTE INVENTARIO, CONSUMO  INTERNO CANCHA PARA   CABECERAS DE RUMAS",
  "anioPlantacion": 2000,
  "descZona": "FC00",
  "createdBy": "610174f1116a140452889c03",
  "__v": 0
},
  {
  "_id": "67eee67d7939f3f2e77f8fd7",
  "valorAjuste": 100.09,
  "valorAjusteM3": 157.94,
  "valorAjusteMR": 109.09,
  "createdAt": 1743709821519,
  "updatedAt": 0,
  "ruma": "676a390e083b2cdd3a165a8f",
  "tipoAjuste": "REDUCE",
  "fechaGuia": "03-04-2025",
  "zona": "60dfe4d7ae62c2de16dcd44a",
  "origen": "651f142fd94e86910fc09707",
  "destino": "651f142fd94e86910fc09707",
  "especie": "60dfe5b4ba0ccfd21a8e04e1",
  "producto": "642c2b9feb672a819cd147f9",
  "largo": 244,
  "factorCorteza": "60e328243cbd21f907c755f1",
  "fechaCorta": "15-06-2024",
  "procedencia": "60dff01eba0ccfd21a8e0507",
  "intervencion": "60dff1b4ba0ccfd21a8e0521",
  "estadoMadera": "60dff0beba0ccfd21a8e0512",
  "observaciones": "traslado a ruma 999",
  "anioPlantacion": 2004,
  "descZona": "54",
  "createdBy": "6183ea8b552fdb0d991d70a6",
  "__v": 0
},
  {
  "_id": "67eee6b87939f3f2e77f8fd8",
  "valorAjuste": 100.09,
  "valorAjusteM3": 157.94,
  "valorAjusteMR": 100.09,
  "createdAt": 1743709880803,
  "updatedAt": 0,
  "ruma": "669031d383e4984a47c2a994",
  "tipoAjuste": "ADD",
  "fechaGuia": "03-04-2025",
  "zona": "60dfe4d7ae62c2de16dcd44a",
  "origen": "651f142fd94e86910fc09707",
  "destino": "651f142fd94e86910fc09707",
  "especie": "60dfe5b4ba0ccfd21a8e04e1",
  "producto": "642c2b9feb672a819cd147f9",
  "largo": 244,
  "factorCorteza": "60e328243cbd21f907c755f1",
  "fechaCorta": "15-06-2024",
  "procedencia": "60dff01eba0ccfd21a8e0507",
  "intervencion": "60dff1b4ba0ccfd21a8e0521",
  "estadoMadera": "60dff0beba0ccfd21a8e0512",
  "observaciones": "traslado desde ruma 5145",
  "anioPlantacion": 2004,
  "descZona": "54",
  "createdBy": "6183ea8b552fdb0d991d70a6",
  "__v": 0
},
  {
  "_id": "67f915a3344d28f8983113aa",
  "valorAjuste": 850.16,
  "valorAjusteM3": 1341.55,
  "valorAjusteMR": 850.16,
  "createdAt": 1744377251398,
  "updatedAt": 0,
  "ruma": "6690317a83e4984a47c2a991",
  "tipoAjuste": "REDUCE",
  "fechaGuia": "11-04-2025",
  "zona": "60dfe4d7ae62c2de16dcd44a",
  "origen": "651f142fd94e86910fc09707",
  "destino": "651f142fd94e86910fc09707",
  "especie": "60dfe5b4ba0ccfd21a8e04e1",
  "producto": "642c2b9feb672a819cd147f9",
  "largo": 244,
  "factorCorteza": "60e328243cbd21f907c755f1",
  "fechaCorta": "15-06-2024",
  "procedencia": "60dff01eba0ccfd21a8e0507",
  "intervencion": "60dff1b4ba0ccfd21a8e0521",
  "estadoMadera": "60dff0beba0ccfd21a8e0512",
  "observaciones": "traspaso a ruma 999",
  "anioPlantacion": 2004,
  "descZona": "54",
  "createdBy": "6183ea8b552fdb0d991d70a6",
  "__v": 0
},
  {
  "_id": "67f915d2344d28f8983113ab",
  "valorAjuste": 850.16,
  "valorAjusteM3": 1341.55,
  "valorAjusteMR": 850.16,
  "createdAt": 1744377298070,
  "updatedAt": 0,
  "ruma": "669031d383e4984a47c2a994",
  "tipoAjuste": "ADD",
  "fechaGuia": "11-04-2025",
  "zona": "60dfe4d7ae62c2de16dcd44a",
  "origen": "651f142fd94e86910fc09707",
  "destino": "651f142fd94e86910fc09707",
  "especie": "60dfe5b4ba0ccfd21a8e04e1",
  "producto": "642c2b9feb672a819cd147f9",
  "largo": 244,
  "factorCorteza": "60e328243cbd21f907c755f1",
  "fechaCorta": "15-06-2024",
  "procedencia": "60dff01eba0ccfd21a8e0507",
  "intervencion": "60dff1b4ba0ccfd21a8e0521",
  "estadoMadera": "60dff0beba0ccfd21a8e0512",
  "observaciones": "traslado desde ruma 998",
  "anioPlantacion": 2004,
  "descZona": "54",
  "createdBy": "6183ea8b552fdb0d991d70a6",
  "__v": 0
},
  {
  "_id": "680a7e569a770dfdc2f7a5b3",
  "valorAjuste": 3.5,
  "valorAjusteM3": 8,
  "valorAjusteMR": 3.5,
  "createdAt": 1745518166375,
  "updatedAt": 0,
  "ruma": "672152dc155a01cbd9d260c2",
  "tipoAjuste": "ADD",
  "fechaGuia": "24-04-2025",
  "zona": "60dfe4d7ae62c2de16dcd44a",
  "origen": "60dfee81ba0ccfd21a8e04ff",
  "destino": "60dfee81ba0ccfd21a8e04ff",
  "especie": "60dfe5f6ba0ccfd21a8e04e3",
  "producto": "64791116b4bcdbbc4d648d33",
  "largo": 550,
  "factorCorteza": "60e328243cbd21f907c755f1",
  "fechaCorta": "01-08-2024",
  "procedencia": "60dff01eba0ccfd21a8e0507",
  "intervencion": "60dff1b4ba0ccfd21a8e0521",
  "estadoMadera": "60dff0beba0ccfd21a8e0512",
  "observaciones": "AJUSTE INVENTARIO",
  "anioPlantacion": 2012,
  "descZona": "FC00",
  "createdBy": "610174f1116a140452889c03",
  "__v": 0
},
  {
  "_id": "680aa0a59a770dfdc2f7a602",
  "valorAjuste": 78.9,
  "valorAjusteM3": 132.47,
  "valorAjusteMR": 78.9,
  "createdAt": 1745526949451,
  "updatedAt": 0,
  "ruma": "680a9fc29a770dfdc2f7a5fd",
  "tipoAjuste": "ADD",
  "fechaGuia": "24-04-2025",
  "zona": "60dfe4d7ae62c2de16dcd44a",
  "origen": "65e1fcb20a85dd2898a3e578",
  "destino": "65e1fcb20a85dd2898a3e578",
  "especie": "60dfe5d7ba0ccfd21a8e04e2",
  "producto": "658c315d1d32a739bb905bba",
  "largo": 550,
  "factorCorteza": "60e328243cbd21f907c755f1",
  "fechaCorta": "01-02-2025",
  "procedencia": "60dff01eba0ccfd21a8e0507",
  "intervencion": "60dff1b4ba0ccfd21a8e0521",
  "estadoMadera": "60dff0beba0ccfd21a8e0512",
  "observaciones": "Ajuste por devolución cliente",
  "anioPlantacion": 2012,
  "descZona": "FC00",
  "createdBy": "610174f1116a140452889c03",
  "__v": 0
},
  {
  "_id": "680aa16d9a770dfdc2f7a605",
  "valorAjuste": 52.74,
  "valorAjusteM3": 77,
  "valorAjusteMR": 52.74,
  "createdAt": 1745527149411,
  "updatedAt": 0,
  "ruma": "680a9fd39a770dfdc2f7a5fe",
  "tipoAjuste": "ADD",
  "fechaGuia": "24-04-2025",
  "zona": "60dfe4d7ae62c2de16dcd44a",
  "origen": "65e1fcb20a85dd2898a3e578",
  "destino": "65e1fcb20a85dd2898a3e578",
  "especie": "60dfe5d7ba0ccfd21a8e04e2",
  "producto": "67c8642b99319e1247b3afc6",
  "largo": 400,
  "factorCorteza": "60e328243cbd21f907c755f1",
  "fechaCorta": "01-02-2025",
  "procedencia": "60dff01eba0ccfd21a8e0507",
  "intervencion": "60dff1b4ba0ccfd21a8e0521",
  "estadoMadera": "60dff0beba0ccfd21a8e0512",
  "observaciones": "Ajuste por devolución cliente ",
  "anioPlantacion": 2012,
  "descZona": "FC00",
  "createdBy": "610174f1116a140452889c03",
  "__v": 0
},
  {
  "_id": "680aa1ec9a770dfdc2f7a607",
  "valorAjuste": 47.5,
  "valorAjusteM3": 71.2,
  "valorAjusteMR": 47.5,
  "createdAt": 1745527276338,
  "updatedAt": 0,
  "ruma": "680a9fe09a770dfdc2f7a5ff",
  "tipoAjuste": "ADD",
  "fechaGuia": "24-04-2025",
  "zona": "60dfe4d7ae62c2de16dcd44a",
  "origen": "65e1fcb20a85dd2898a3e578",
  "destino": "65e1fcb20a85dd2898a3e578",
  "especie": "60dfe5d7ba0ccfd21a8e04e2",
  "producto": "6757411d2ac02be1fa73c209",
  "largo": 244,
  "factorCorteza": "60e328243cbd21f907c755f1",
  "fechaCorta": "01-02-2025",
  "procedencia": "60dff01eba0ccfd21a8e0507",
  "intervencion": "60dff1b4ba0ccfd21a8e0521",
  "estadoMadera": "60dff0beba0ccfd21a8e0512",
  "observaciones": "Devolución   cliente",
  "anioPlantacion": 2012,
  "descZona": "FC00",
  "createdBy": "610174f1116a140452889c03",
  "__v": 0
},
  {
  "_id": "680beb9e9a770dfdc2f7ba13",
  "valorAjuste": 521.44,
  "valorAjusteM3": 825.96,
  "valorAjusteMR": 521.44,
  "createdAt": 1745611678506,
  "updatedAt": 0,
  "ruma": "6766850c083b2cdd3a163d12",
  "tipoAjuste": "REDUCE",
  "fechaGuia": "25-04-2025",
  "zona": "60dfe4d7ae62c2de16dcd44a",
  "origen": "651f142fd94e86910fc09707",
  "destino": "651f142fd94e86910fc09707",
  "especie": "60dfe5b4ba0ccfd21a8e04e1",
  "producto": "642c2b9feb672a819cd147f9",
  "largo": 244,
  "factorCorteza": "60e328243cbd21f907c755f1",
  "fechaCorta": "01-07-2024",
  "procedencia": "60dff01eba0ccfd21a8e0507",
  "intervencion": "60dff1b4ba0ccfd21a8e0521",
  "estadoMadera": "60dff0c8ba0ccfd21a8e0513",
  "observaciones": "AJUSTE CAMBIO PRODUCTO PRODUCCION DESCORTEZADO",
  "anioPlantacion": 2008,
  "descZona": "FC00",
  "createdBy": "610174f1116a140452889c03",
  "__v": 0
},
  {
  "_id": "680bee0e9a770dfdc2f7ba16",
  "valorAjuste": 467.2,
  "valorAjusteM3": 810.7,
  "valorAjusteMR": 467.2,
  "createdAt": 1745612302869,
  "updatedAt": 0,
  "ruma": "6766850c083b2cdd3a163d12",
  "tipoAjuste": "ADD",
  "fechaGuia": "25-04-2025",
  "zona": "60dfe4d7ae62c2de16dcd44a",
  "origen": "651f142fd94e86910fc09707",
  "destino": "651f142fd94e86910fc09707",
  "especie": "60dfe5b4ba0ccfd21a8e04e1",
  "producto": "60e32b103cbd21f907c75656",
  "largo": 244,
  "factorCorteza": "60e3280d3cbd21f907c755f0",
  "fechaCorta": "01-07-2024",
  "procedencia": "60dff01eba0ccfd21a8e0507",
  "intervencion": "60dff1b4ba0ccfd21a8e0521",
  "estadoMadera": "60dff0c8ba0ccfd21a8e0513",
  "observaciones": "AJUSTE INVENTARIO",
  "anioPlantacion": 2008,
  "descZona": "FC00",
  "createdBy": "610174f1116a140452889c03",
  "__v": 0
}
]