[
  {
  "_id": "60e325d33cbd21f907c755e2",
  "descripcion": "PULPABLE"
},
  {
  "_id": "60e325e53cbd21f907c755e3",
  "descripcion": "ASTILLAS"
},
  {
  "_id": "60e325f23cbd21f907c755e4",
  "descripcion": "COMBUSTIBLE"
},
  {
  "_id": "60e326003cbd21f907c755e5",
  "descripcion": "POSTES"
},
  {
  "_id": "60e3260e3cbd21f907c755e6",
  "descripcion": "REGULAR"
},
  {
  "_id": "60e326233cbd21f907c755e7",
  "descripcion": "RECLASIFICADO"
},
  {
  "_id": "60e326a13cbd21f907c755e8",
  "descripcion": "PODADO"
},
  {
  "_id": "60e326b83cbd21f907c755e9",
  "descripcion": "ASERRIN"
},
  {
  "_id": "622b5dbe422d43b1fa4888fc",
  "descripcion": "CORTEZA"
}
]