[
  {
  "_id": "60dfe81aba0ccfd21a8e04f7",
  "codigo": "T015",
  "descripcion": "CN PUDU [T015]",
  "activo": true,
  "codigoSISCOP": 7604,
  "tipo": "CANCHA"
},
  {
  "_id": "60dfe85aba0ccfd21a8e04f8",
  "codigo": "T016",
  "descripcion": "CN QUELMEN [T016 ]",
  "activo": false,
  "codigoSISCOP": 7022,
  "tipo": "CANCHA"
},
  {
  "_id": "60dfe8a3ba0ccfd21a8e04f9",
  "codigo": "N081",
  "descripcion": "CN SAN JORGE PARRAL [N081]",
  "activo": true,
  "codigoSISCOP": 8111,
  "tipo": "CANCHA"
},
  {
  "_id": "60dfee01ba0ccfd21a8e04fa",
  "codigo": "N025",
  "descripcion": "CN CONFLUENCIA [N025]",
  "codigoSiscop": 6618,
  "activo": true,
  "codigoSISCOP": 0,
  "tipo": "CANCHA"
},
  {
  "_id": "60dfee22ba0ccfd21a8e04fb",
  "codigo": "N026",
  "descripcion": "CN CABRERO [N026]",
  "activo": true,
  "codigoSISCOP": 6490,
  "tipo": "CANCHA"
},
  {
  "_id": "60dfee3dba0ccfd21a8e04fc",
  "codigo": "N031",
  "descripcion": "CN ALMARZA [N031]",
  "activo": true,
  "codigoSISCOP": 6625,
  "tipo": "CANCHA"
},
  {
  "_id": "60dfee53ba0ccfd21a8e04fd",
  "codigo": "N042",
  "descripcion": "CN TRINITARIAS [N042]",
  "activo": false,
  "codigoSISCOP": 7114,
  "tipo": "CANCHA"
},
  {
  "_id": "60dfee67ba0ccfd21a8e04fe",
  "codigo": "N043",
  "descripcion": "CN RAFAEL [N043]",
  "activo": true,
  "codigoSISCOP": 7115,
  "tipo": "CANCHA"
},
  {
  "_id": "60dfee81ba0ccfd21a8e04ff",
  "codigo": "N048",
  "descripcion": "CN RANQUIL [N048]",
  "activo": true,
  "codigoSISCOP": 7178,
  "tipo": "CANCHA"
},
  {
  "_id": "60dfee94ba0ccfd21a8e0500",
  "codigo": "N055",
  "descripcion": "CN NIBLINTO [N055]",
  "activo": true,
  "codigoSISCOP": 7450,
  "tipo": "CANCHA"
},
  {
  "_id": "60dfeeacba0ccfd21a8e0501",
  "codigo": "N022",
  "descripcion": "CN TOTORAL [N022]",
  "activo": true,
  "codigoSISCOP": 6390,
  "tipo": "CANCHA"
},
  {
  "_id": "60dfeec0ba0ccfd21a8e0502",
  "codigo": "T029",
  "descripcion": "CN DESC. MASA VIÑALES [T029]",
  "activo": false,
  "codigoSISCOP": 7659,
  "tipo": "CANCHA"
},
  {
  "_id": "60e90ca70351b55538c40e45",
  "codigo": "5000",
  "codigoSISCOP": 5000,
  "activo": true,
  "descripcion": "COMPRA TERCEROS",
  "tipo": "PLANTA"
},
  {
  "_id": "60e90cf10351b55538c40e46",
  "codigo": "0000",
  "codigoSISCOP": 0,
  "activo": true,
  "descripcion": "OTRA CANCHA [0000]",
  "tipo": "CANCHA"
},
  {
  "_id": "611c753d595ddfff4dcf78bd",
  "codigo": "N011",
  "codigoSISCOP": 6606,
  "activo": true,
  "descripcion": "CP NUEVA ALDEA [N011]",
  "tipo": "PLANTA"
},
  {
  "_id": "611c756c595ddfff4dcf78be",
  "codigo": "T010",
  "codigoSISCOP": 0,
  "activo": true,
  "descripcion": "CP CONSTITUCIÓN [T010]",
  "tipo": "PLANTA"
},
  {
  "_id": "611c75a5595ddfff4dcf78bf",
  "codigo": "T012",
  "codigoSISCOP": 0,
  "activo": true,
  "descripcion": "CP TENO [T012]",
  "tipo": "PLANTA"
},
  {
  "_id": "611c75de595ddfff4dcf78c0",
  "codigo": "T011",
  "codigoSISCOP": 0,
  "activo": false,
  "descripcion": "CP LICANCEL [T011]",
  "tipo": "PLANTA"
},
  {
  "_id": "611c761c595ddfff4dcf78c1",
  "codigo": "N014",
  "codigoSISCOP": 0,
  "activo": true,
  "descripcion": "CP TRUPAN [N014]",
  "tipo": "PLANTA"
},
  {
  "_id": "611c7661595ddfff4dcf78c2",
  "codigo": "N688",
  "codigoSISCOP": 0,
  "activo": false,
  "descripcion": "CN RIO CLARO [T254]",
  "tipo": "CANCHA"
},
  {
  "_id": "613ba130e125aef4b0d8bb28",
  "codigo": "T026",
  "codigoSISCOP": 0,
  "activo": false,
  "descripcion": "CN MONTAÑA TENO [7192]",
  "tipo": "CANCHA"
},
  {
  "_id": "619ba1b213de1f40ff333623",
  "codigo": "T254",
  "descripcion": "Rio Claro  ( No Ocupar)",
  "activo": false,
  "codigoSISCOP": "7707",
  "tipo": "CANCHA"
},
  {
  "_id": "6222c2071ff3424c539d478d",
  "codigo": "N760",
  "descripcion": "CN LA ISLA [N760]",
  "activo": false,
  "tipo": "CANCHA",
  "codigoSISCOP": 8112,
  "__v": 0
},
  {
  "_id": "624b4bd52842ff5cd0d4ca90",
  "codigo": "N764",
  "descripcion": "CN FORESOL [N764]",
  "activo": false,
  "tipo": "CANCHA",
  "codigoSISCOP": 8114,
  "__v": 0
},
  {
  "_id": "62ab9fc68642b1077c2b8bd6",
  "codigo": "N726",
  "descripcion": "CN MEMBRILLAR [N726]",
  "activo": false,
  "tipo": "CANCHA",
  "codigoSISCOP": 7254,
  "__v": 0
},
  {
  "_id": "62c342e7d3ba9e5857f0864f",
  "codigo": "N770",
  "descripcion": "CN COLICHEU [N770]",
  "activo": true,
  "tipo": "CANCHA",
  "codigoSISCOP": 8115,
  "__v": 0
},
  {
  "_id": "6310be22aa5fc5415999a5fc",
  "codigo": "T291",
  "descripcion": "CN PUANGUE [T291]",
  "activo": false,
  "tipo": "CANCHA",
  "codigoSISCOP": 7708,
  "__v": 0
},
  {
  "_id": "633b24bdc03d220285e1b9be",
  "codigo": "N775",
  "descripcion": "CN RIEGO AITUE [N775]",
  "activo": false,
  "tipo": "CANCHA",
  "codigoSISCOP": 8116,
  "__v": 0
},
  {
  "_id": "63ad993e3fe7fc67e8e49019",
  "codigo": "N030",
  "descripcion": "CN PERALES [N030]",
  "activo": true,
  "tipo": "CANCHA",
  "codigoSISCOP": 0,
  "__v": 0
},
  {
  "_id": "63e505a091fc02d1721384c1",
  "codigo": "T335",
  "descripcion": "CN EL REGRESO [T335]",
  "activo": false,
  "tipo": "CANCHA",
  "codigoSISCOP": 7711,
  "__v": 0
},
  {
  "_id": "63ef75cf8631770200e64d2c",
  "codigo": "N417",
  "descripcion": "CN GENERAL CRUZ [N417]",
  "activo": false,
  "tipo": "CANCHA",
  "codigoSISCOP": 7177,
  "__v": 0
},
  {
  "_id": "63f62896f8b965c4b10c1c87",
  "codigo": "N809",
  "descripcion": "CN QUINCHAMALI [N809]",
  "activo": false,
  "tipo": "CANCHA",
  "codigoSISCOP": 8117,
  "__v": 0
},
  {
  "_id": "64414e45437728b9e9c45a87",
  "codigo": "T339",
  "descripcion": "CN CHACARILLAS [T339]",
  "activo": true,
  "tipo": "CANCHA",
  "codigoSISCOP": 7713,
  "__v": 0
},
  {
  "_id": "645a975dc591db13624113c0",
  "codigo": "X00",
  "descripcion": "CANCHA PRUEBA",
  "activo": false,
  "tipo": "CANCHA",
  "codigoSISCOP": 0,
  "__v": 0
},
  {
  "_id": "651f142fd94e86910fc09707",
  "codigo": "N817",
  "descripcion": "CN RANQUIL DESCORTEZADO [N817]",
  "activo": true,
  "tipo": "CANCHA",
  "codigoSISCOP": 8122,
  "__v": 0
},
  {
  "_id": "65e1fcb20a85dd2898a3e578",
  "codigo": "N829",
  "descripcion": "CN ASERRADEROS MT [N829]",
  "activo": true,
  "tipo": "CANCHA",
  "codigoSISCOP": 8125,
  "__v": 0
}
]