[
  {
  "_id": "60e3330b3cbd21f907c756ca",
  "codigo": 101,
  "descripcion": "CODEGUA"
},
  {
  "_id": "60e3330b3cbd21f907c756cb",
  "codigo": 102,
  "descripcion": "COINCO"
},
  {
  "_id": "60e3330b3cbd21f907c756cc",
  "codigo": 103,
  "descripcion": "COLTAUCO"
},
  {
  "_id": "60e3330b3cbd21f907c756cd",
  "codigo": 104,
  "descripcion": "DOÑIHUE"
},
  {
  "_id": "60e3330b3cbd21f907c756ce",
  "codigo": 105,
  "descripcion": "GRANEROS"
},
  {
  "_id": "60e3330b3cbd21f907c756cf",
  "codigo": 106,
  "descripcion": "LAS CABRAS"
},
  {
  "_id": "60e3330b3cbd21f907c756d0",
  "codigo": 107,
  "descripcion": "MACHALI"
},
  {
  "_id": "60e3330b3cbd21f907c756d1",
  "codigo": 108,
  "descripcion": "MALLOA"
},
  {
  "_id": "60e3330b3cbd21f907c756d2",
  "codigo": 109,
  "descripcion": "MOSTAZAL"
},
  {
  "_id": "60e3330b3cbd21f907c756d3",
  "codigo": 110,
  "descripcion": "OLIVAR"
},
  {
  "_id": "60e3330b3cbd21f907c756d4",
  "codigo": 111,
  "descripcion": "PEUMO"
},
  {
  "_id": "60e3330b3cbd21f907c756d5",
  "codigo": 112,
  "descripcion": "PICHIDEGUA"
},
  {
  "_id": "60e3330b3cbd21f907c756d6",
  "codigo": 113,
  "descripcion": "QUINTA TICOCO"
},
  {
  "_id": "60e3330b3cbd21f907c756d7",
  "codigo": 114,
  "descripcion": "RANCAGUA"
},
  {
  "_id": "60e3330b3cbd21f907c756d8",
  "codigo": 115,
  "descripcion": "RENGO"
},
  {
  "_id": "60e3330b3cbd21f907c756d9",
  "codigo": 116,
  "descripcion": "REQUINOA"
},
  {
  "_id": "60e3330b3cbd21f907c756da",
  "codigo": 117,
  "descripcion": "SAN VICENTE"
},
  {
  "_id": "60e3330b3cbd21f907c756db",
  "codigo": 118,
  "descripcion": "CHEPICA"
},
  {
  "_id": "60e3330b3cbd21f907c756dc",
  "codigo": 119,
  "descripcion": "CHIMBARONGO"
},
  {
  "_id": "60e3330b3cbd21f907c756dd",
  "codigo": 120,
  "descripcion": "LOLOL"
},
  {
  "_id": "60e3330b3cbd21f907c756de",
  "codigo": 121,
  "descripcion": "NANCAGUA"
},
  {
  "_id": "60e3330b3cbd21f907c756df",
  "codigo": 122,
  "descripcion": "PALMILLA"
},
  {
  "_id": "60e3330b3cbd21f907c756e0",
  "codigo": 123,
  "descripcion": "PERALILLO"
},
  {
  "_id": "60e3330b3cbd21f907c756e1",
  "codigo": 124,
  "descripcion": "PLACILLA"
},
  {
  "_id": "60e3330b3cbd21f907c756e2",
  "codigo": 125,
  "descripcion": "PUMANQUE"
},
  {
  "_id": "60e3330b3cbd21f907c756e3",
  "codigo": 126,
  "descripcion": "SAN FERNANDO"
},
  {
  "_id": "60e3330b3cbd21f907c756e4",
  "codigo": 127,
  "descripcion": "SANTA CRUZ"
},
  {
  "_id": "60e3330b3cbd21f907c756e5",
  "codigo": 128,
  "descripcion": "LA ESTRELLA"
},
  {
  "_id": "60e3330b3cbd21f907c756e6",
  "codigo": 129,
  "descripcion": "LITUECHE"
},
  {
  "_id": "60e3330b3cbd21f907c756e7",
  "codigo": 130,
  "descripcion": "MARCHIGUE"
},
  {
  "_id": "60e3330b3cbd21f907c756e8",
  "codigo": 131,
  "descripcion": "NAVIDAD"
},
  {
  "_id": "60e3330b3cbd21f907c756e9",
  "codigo": 132,
  "descripcion": "PAREDONES"
},
  {
  "_id": "60e3330b3cbd21f907c756ea",
  "codigo": 133,
  "descripcion": "PICHILEMU"
},
  {
  "_id": "60e3330b3cbd21f907c756eb",
  "codigo": 201,
  "descripcion": "CURICO"
},
  {
  "_id": "60e3330b3cbd21f907c756ec",
  "codigo": 202,
  "descripcion": "TENO"
},
  {
  "_id": "60e3330b3cbd21f907c756ed",
  "codigo": 203,
  "descripcion": "ROMERAL"
},
  {
  "_id": "60e3330b3cbd21f907c756ee",
  "codigo": 204,
  "descripcion": "MOLINA"
},
  {
  "_id": "60e3330b3cbd21f907c756ef",
  "codigo": 205,
  "descripcion": "SAGRADA FAMILIA"
},
  {
  "_id": "60e3330b3cbd21f907c756f0",
  "codigo": 206,
  "descripcion": "HUALAÑE"
},
  {
  "_id": "60e3330b3cbd21f907c756f1",
  "codigo": 207,
  "descripcion": "LICANTEN"
},
  {
  "_id": "60e3330b3cbd21f907c756f2",
  "codigo": 208,
  "descripcion": "VICHUQUEN"
},
  {
  "_id": "60e3330b3cbd21f907c756f3",
  "codigo": 209,
  "descripcion": "RAUCO"
},
  {
  "_id": "60e3330b3cbd21f907c756f4",
  "codigo": 210,
  "descripcion": "TALCA"
},
  {
  "_id": "60e3330b3cbd21f907c756f5",
  "codigo": 211,
  "descripcion": "PELARCO"
},
  {
  "_id": "60e3330b3cbd21f907c756f6",
  "codigo": 212,
  "descripcion": "RIO CLARO"
},
  {
  "_id": "60e3330b3cbd21f907c756f7",
  "codigo": 213,
  "descripcion": "SAN CLEMENTE"
},
  {
  "_id": "60e3330b3cbd21f907c756f8",
  "codigo": 214,
  "descripcion": "MAULE"
},
  {
  "_id": "60e3330b3cbd21f907c756f9",
  "codigo": 215,
  "descripcion": "EMPEDRADO"
},
  {
  "_id": "60e3330b3cbd21f907c756fa",
  "codigo": 216,
  "descripcion": "PENCAHUE"
},
  {
  "_id": "60e3330b3cbd21f907c756fb",
  "codigo": 217,
  "descripcion": "CONSTITUCION"
},
  {
  "_id": "60e3330b3cbd21f907c756fc",
  "codigo": 218,
  "descripcion": "CUREPTO"
},
  {
  "_id": "60e3330b3cbd21f907c756fd",
  "codigo": 219,
  "descripcion": "SAN RAFAEL"
},
  {
  "_id": "60e3330b3cbd21f907c756fe",
  "codigo": 220,
  "descripcion": "LINARES"
},
  {
  "_id": "60e3330b3cbd21f907c756ff",
  "codigo": 221,
  "descripcion": "YERBAS BUENASA"
},
  {
  "_id": "60e3330b3cbd21f907c75700",
  "codigo": 222,
  "descripcion": "COLBUN"
},
  {
  "_id": "60e3330b3cbd21f907c75701",
  "codigo": 223,
  "descripcion": "LONGAVI"
},
  {
  "_id": "60e3330b3cbd21f907c75702",
  "codigo": 224,
  "descripcion": "PARRAL"
},
  {
  "_id": "60e3330b3cbd21f907c75703",
  "codigo": 225,
  "descripcion": "RETIRO"
},
  {
  "_id": "60e3330b3cbd21f907c75704",
  "codigo": 226,
  "descripcion": "VILLA ALEGRE"
},
  {
  "_id": "60e3330b3cbd21f907c75705",
  "codigo": 227,
  "descripcion": "SAN JAVIER"
},
  {
  "_id": "60e3330b3cbd21f907c75706",
  "codigo": 228,
  "descripcion": "CAUQUENES"
},
  {
  "_id": "60e3330b3cbd21f907c75707",
  "codigo": 229,
  "descripcion": "PELLUHUE"
},
  {
  "_id": "60e3330b3cbd21f907c75708",
  "codigo": 230,
  "descripcion": "CHANCO"
},
  {
  "_id": "60e3330b3cbd21f907c75709",
  "codigo": 301,
  "descripcion": "CHILLAN"
},
  {
  "_id": "60e3330b3cbd21f907c7570a",
  "codigo": 302,
  "descripcion": "SAN CARLOS"
},
  {
  "_id": "60e3330b3cbd21f907c7570b",
  "codigo": 303,
  "descripcion": "ÑIQUEN"
},
  {
  "_id": "60e3330b3cbd21f907c7570c",
  "codigo": 304,
  "descripcion": "SAN FABIAN"
},
  {
  "_id": "60e3330b3cbd21f907c7570d",
  "codigo": 305,
  "descripcion": "COIHUECO"
},
  {
  "_id": "60e3330b3cbd21f907c7570e",
  "codigo": 306,
  "descripcion": "PINTO"
},
  {
  "_id": "60e3330b3cbd21f907c7570f",
  "codigo": 307,
  "descripcion": "SAN IGNACIO"
},
  {
  "_id": "60e3330b3cbd21f907c75710",
  "codigo": 308,
  "descripcion": "EL CARMEN"
},
  {
  "_id": "60e3330b3cbd21f907c75711",
  "codigo": 309,
  "descripcion": "YUNGAY"
},
  {
  "_id": "60e3330b3cbd21f907c75712",
  "codigo": 310,
  "descripcion": "PEMUCO"
},
  {
  "_id": "60e3330b3cbd21f907c75713",
  "codigo": 311,
  "descripcion": "BULNES"
},
  {
  "_id": "60e3330b3cbd21f907c75714",
  "codigo": 312,
  "descripcion": "QUILLON"
},
  {
  "_id": "60e3330b3cbd21f907c75715",
  "codigo": 313,
  "descripcion": "RANQUIL"
},
  {
  "_id": "60e3330b3cbd21f907c75716",
  "codigo": 314,
  "descripcion": "PORTEZUELO"
},
  {
  "_id": "60e3330b3cbd21f907c75717",
  "codigo": 315,
  "descripcion": "COELEMU"
},
  {
  "_id": "60e3330b3cbd21f907c75718",
  "codigo": 316,
  "descripcion": "TREHUACO"
},
  {
  "_id": "60e3330b3cbd21f907c75719",
  "codigo": 317,
  "descripcion": "COBQUECURA"
},
  {
  "_id": "60e3330b3cbd21f907c7571a",
  "codigo": 318,
  "descripcion": "QUIRIHUE"
},
  {
  "_id": "60e3330b3cbd21f907c7571b",
  "codigo": 319,
  "descripcion": "NINHUE"
},
  {
  "_id": "60e3330b3cbd21f907c7571c",
  "codigo": 320,
  "descripcion": "SAN NICOLAS"
},
  {
  "_id": "60e3330b3cbd21f907c7571d",
  "codigo": 321,
  "descripcion": "CHILLAN VIEJO"
},
  {
  "_id": "60e3330b3cbd21f907c7571e",
  "codigo": 322,
  "descripcion": "LOS ANGELES"
},
  {
  "_id": "60e3330b3cbd21f907c7571f",
  "codigo": 323,
  "descripcion": "ALTO BIO BIO"
},
  {
  "_id": "60e3330b3cbd21f907c75720",
  "codigo": 324,
  "descripcion": "CABRERO"
},
  {
  "_id": "60e3330b3cbd21f907c75721",
  "codigo": 325,
  "descripcion": "TUCAPEL"
},
  {
  "_id": "60e3330b3cbd21f907c75722",
  "codigo": 326,
  "descripcion": "ANTUCO"
},
  {
  "_id": "60e3330b3cbd21f907c75723",
  "codigo": 327,
  "descripcion": "QUILLECO"
},
  {
  "_id": "60e3330b3cbd21f907c75724",
  "codigo": 328,
  "descripcion": "SANTA BARABARA"
},
  {
  "_id": "60e3330b3cbd21f907c75725",
  "codigo": 329,
  "descripcion": "QUILACO"
},
  {
  "_id": "60e3330b3cbd21f907c75726",
  "codigo": 330,
  "descripcion": "MULCHEN"
},
  {
  "_id": "60e3330b3cbd21f907c75727",
  "codigo": 331,
  "descripcion": "NEGRETE"
},
  {
  "_id": "60e3330b3cbd21f907c75728",
  "codigo": 332,
  "descripcion": "NACIMIENTO"
},
  {
  "_id": "60e3330b3cbd21f907c75729",
  "codigo": 333,
  "descripcion": "LAJA"
},
  {
  "_id": "60e3330b3cbd21f907c7572a",
  "codigo": 334,
  "descripcion": "SAN ROSENDO"
},
  {
  "_id": "60e3330b3cbd21f907c7572b",
  "codigo": 335,
  "descripcion": "YUMBEL"
},
  {
  "_id": "60e3330b3cbd21f907c7572c",
  "codigo": 336,
  "descripcion": "CONCEPCION"
},
  {
  "_id": "60e3330b3cbd21f907c7572d",
  "codigo": 337,
  "descripcion": "TALCAHUANO"
},
  {
  "_id": "60e3330b3cbd21f907c7572e",
  "codigo": 338,
  "descripcion": "PENCO"
},
  {
  "_id": "60e3330b3cbd21f907c7572f",
  "codigo": 339,
  "descripcion": "TOME"
},
  {
  "_id": "60e3330b3cbd21f907c75730",
  "codigo": 340,
  "descripcion": "FLORIDA"
},
  {
  "_id": "60e3330b3cbd21f907c75731",
  "codigo": 341,
  "descripcion": "HUALQUI"
},
  {
  "_id": "60e3330b3cbd21f907c75732",
  "codigo": 342,
  "descripcion": "SANTA JUANA"
},
  {
  "_id": "60e3330b3cbd21f907c75733",
  "codigo": 343,
  "descripcion": "LOTA"
},
  {
  "_id": "60e3330b3cbd21f907c75734",
  "codigo": 344,
  "descripcion": "CORONEL"
},
  {
  "_id": "60e3330b3cbd21f907c75735",
  "codigo": 345,
  "descripcion": "SAN PEDRO DE LA PAZ"
},
  {
  "_id": "60e3330b3cbd21f907c75736",
  "codigo": 346,
  "descripcion": "CHIGUAYANTE"
},
  {
  "_id": "60e3330b3cbd21f907c75737",
  "codigo": 347,
  "descripcion": "HUALPEN"
},
  {
  "_id": "60e3330b3cbd21f907c75738",
  "codigo": 348,
  "descripcion": "LEBU"
},
  {
  "_id": "60e3330b3cbd21f907c75739",
  "codigo": 349,
  "descripcion": "ARAUCO"
},
  {
  "_id": "60e3330b3cbd21f907c7573a",
  "codigo": 350,
  "descripcion": "CURANILAHUE"
},
  {
  "_id": "60e3330b3cbd21f907c7573b",
  "codigo": 351,
  "descripcion": "LOS ALAMOS"
},
  {
  "_id": "60e3330b3cbd21f907c7573c",
  "codigo": 352,
  "descripcion": "CAÑETYE"
},
  {
  "_id": "60e3330b3cbd21f907c7573d",
  "codigo": 353,
  "descripcion": "CONTULMO"
},
  {
  "_id": "60e3330b3cbd21f907c7573e",
  "codigo": 354,
  "descripcion": "TIRUA"
},
  {
  "_id": "60e3330b3cbd21f907c7573f",
  "codigo": 401,
  "descripcion": "Angol"
},
  {
  "_id": "60e3330b3cbd21f907c75740",
  "codigo": 402,
  "descripcion": "Renaico"
},
  {
  "_id": "60e3330b3cbd21f907c75741",
  "codigo": 403,
  "descripcion": "Collipulli"
},
  {
  "_id": "60e3330b3cbd21f907c75742",
  "codigo": 404,
  "descripcion": "Lonquimay"
},
  {
  "_id": "60e3330b3cbd21f907c75743",
  "codigo": 405,
  "descripcion": "Curacautín"
},
  {
  "_id": "60e3330b3cbd21f907c75744",
  "codigo": 406,
  "descripcion": "Ercilla"
},
  {
  "_id": "60e3330b3cbd21f907c75745",
  "codigo": 407,
  "descripcion": "Victoria"
},
  {
  "_id": "60e3330b3cbd21f907c75746",
  "codigo": 408,
  "descripcion": "Traiguén"
},
  {
  "_id": "60e3330b3cbd21f907c75747",
  "codigo": 409,
  "descripcion": "Lumaco"
},
  {
  "_id": "60e3330b3cbd21f907c75748",
  "codigo": 410,
  "descripcion": "Purén"
},
  {
  "_id": "60e3330b3cbd21f907c75749",
  "codigo": 411,
  "descripcion": "Los Sauces"
},
  {
  "_id": "60e3330b3cbd21f907c7574a",
  "codigo": 412,
  "descripcion": "Temuco"
},
  {
  "_id": "60e3330b3cbd21f907c7574b",
  "codigo": 413,
  "descripcion": "Lautaro"
},
  {
  "_id": "60e3330b3cbd21f907c7574c",
  "codigo": 414,
  "descripcion": "Perquenco"
},
  {
  "_id": "60e3330b3cbd21f907c7574d",
  "codigo": 415,
  "descripcion": "Vilcún"
},
  {
  "_id": "60e3330b3cbd21f907c7574e",
  "codigo": 416,
  "descripcion": "Cunco"
},
  {
  "_id": "60e3330b3cbd21f907c7574f",
  "codigo": 417,
  "descripcion": "Melipeuco"
},
  {
  "_id": "60e3330b3cbd21f907c75750",
  "codigo": 418,
  "descripcion": "Currarrehue"
},
  {
  "_id": "60e3330b3cbd21f907c75751",
  "codigo": 419,
  "descripcion": "Pucón"
},
  {
  "_id": "60e3330b3cbd21f907c75752",
  "codigo": 420,
  "descripcion": "Villarrica"
},
  {
  "_id": "60e3330b3cbd21f907c75753",
  "codigo": 421,
  "descripcion": "Freire"
},
  {
  "_id": "60e3330b3cbd21f907c75754",
  "codigo": 422,
  "descripcion": "Pitrufquén"
},
  {
  "_id": "60e3330b3cbd21f907c75755",
  "codigo": 423,
  "descripcion": "Gorbea"
},
  {
  "_id": "60e3330b3cbd21f907c75756",
  "codigo": 424,
  "descripcion": "Loncoche"
},
  {
  "_id": "60e3330b3cbd21f907c75757",
  "codigo": 425,
  "descripcion": "Toltén"
},
  {
  "_id": "60e3330b3cbd21f907c75758",
  "codigo": 426,
  "descripcion": "Teodoro Schmidt"
},
  {
  "_id": "60e3330b3cbd21f907c75759",
  "codigo": 427,
  "descripcion": "Saavedra"
},
  {
  "_id": "60e3330b3cbd21f907c7575a",
  "codigo": 428,
  "descripcion": "Carahue"
},
  {
  "_id": "60e3330b3cbd21f907c7575b",
  "codigo": 429,
  "descripcion": "Nueva Imperial"
},
  {
  "_id": "60e3330b3cbd21f907c7575c",
  "codigo": 430,
  "descripcion": "Galvarino"
},
  {
  "_id": "60e3330b3cbd21f907c7575d",
  "codigo": 431,
  "descripcion": "Padre Las Casas"
},
  {
  "_id": "60e3330b3cbd21f907c7575e",
  "codigo": 432,
  "descripcion": "Cholchol"
},
  {
  "_id": "60e3330b3cbd21f907c7575f",
  "codigo": 501,
  "descripcion": "Valdivia"
},
  {
  "_id": "60e3330b3cbd21f907c75760",
  "codigo": 502,
  "descripcion": "Mariquina"
},
  {
  "_id": "60e3330b3cbd21f907c75761",
  "codigo": 503,
  "descripcion": "Lanco"
},
  {
  "_id": "60e3330b3cbd21f907c75762",
  "codigo": 504,
  "descripcion": "Los Lagos"
},
  {
  "_id": "60e3330b3cbd21f907c75763",
  "codigo": 505,
  "descripcion": "Corral"
},
  {
  "_id": "60e3330b3cbd21f907c75764",
  "codigo": 506,
  "descripcion": "Máfil"
},
  {
  "_id": "60e3330b3cbd21f907c75765",
  "codigo": 507,
  "descripcion": "Panguipulli"
},
  {
  "_id": "60e3330b3cbd21f907c75766",
  "codigo": 508,
  "descripcion": "Paillaco"
},
  {
  "_id": "60e3330b3cbd21f907c75767",
  "codigo": 509,
  "descripcion": "Futrono"
},
  {
  "_id": "60e3330b3cbd21f907c75768",
  "codigo": 510,
  "descripcion": "La Unión"
},
  {
  "_id": "60e3330b3cbd21f907c75769",
  "codigo": 511,
  "descripcion": "Río Bueno"
},
  {
  "_id": "60e3330b3cbd21f907c7576a",
  "codigo": 512,
  "descripcion": "Lago Ranco"
},
  {
  "_id": "60e3330b3cbd21f907c7576b",
  "codigo": 601,
  "descripcion": "Osorno"
},
  {
  "_id": "60e3330b3cbd21f907c7576c",
  "codigo": 602,
  "descripcion": "San Pablo"
},
  {
  "_id": "60e3330b3cbd21f907c7576d",
  "codigo": 603,
  "descripcion": "Puyehue"
},
  {
  "_id": "60e3330b3cbd21f907c7576e",
  "codigo": 604,
  "descripcion": "Puerto Octay"
},
  {
  "_id": "60e3330b3cbd21f907c7576f",
  "codigo": 605,
  "descripcion": "Purranque"
},
  {
  "_id": "60e3330b3cbd21f907c75770",
  "codigo": 606,
  "descripcion": "Río Negro"
},
  {
  "_id": "60e3330b3cbd21f907c75771",
  "codigo": 607,
  "descripcion": "San Juan de la Costa"
},
  {
  "_id": "60e3330b3cbd21f907c75772",
  "codigo": 608,
  "descripcion": "Puerto Montt"
},
  {
  "_id": "60e3330b3cbd21f907c75773",
  "codigo": 609,
  "descripcion": "Puerto Varas"
},
  {
  "_id": "60e3330b3cbd21f907c75774",
  "codigo": 610,
  "descripcion": "Cochamó"
},
  {
  "_id": "60e3330b3cbd21f907c75775",
  "codigo": 611,
  "descripcion": "Calbuco"
},
  {
  "_id": "60e3330b3cbd21f907c75776",
  "codigo": 612,
  "descripcion": "Maullín"
},
  {
  "_id": "60e3330b3cbd21f907c75777",
  "codigo": 613,
  "descripcion": "Los Muermos"
},
  {
  "_id": "60e3330b3cbd21f907c75778",
  "codigo": 614,
  "descripcion": "Fresia"
},
  {
  "_id": "60e3330b3cbd21f907c75779",
  "codigo": 615,
  "descripcion": "Llanquihue"
},
  {
  "_id": "60e3330b3cbd21f907c7577a",
  "codigo": 616,
  "descripcion": "Frutillar"
},
  {
  "_id": "60e3330b3cbd21f907c7577b",
  "codigo": 617,
  "descripcion": "Castro"
},
  {
  "_id": "60e3330b3cbd21f907c7577c",
  "codigo": 618,
  "descripcion": "Ancud"
},
  {
  "_id": "60e3330b3cbd21f907c7577d",
  "codigo": 619,
  "descripcion": "Quemchi"
},
  {
  "_id": "60e3330b3cbd21f907c7577e",
  "codigo": 620,
  "descripcion": "Dalcahue"
},
  {
  "_id": "60e3330b3cbd21f907c7577f",
  "codigo": 621,
  "descripcion": "Curaco de Vélez"
},
  {
  "_id": "60e3330b3cbd21f907c75780",
  "codigo": 622,
  "descripcion": "Quinchao"
},
  {
  "_id": "60e3330b3cbd21f907c75781",
  "codigo": 623,
  "descripcion": "Puqueldón"
},
  {
  "_id": "60e3330b3cbd21f907c75782",
  "codigo": 624,
  "descripcion": "Chonchi"
},
  {
  "_id": "60e3330b3cbd21f907c75783",
  "codigo": 625,
  "descripcion": "Queilén"
},
  {
  "_id": "60e3330b3cbd21f907c75784",
  "codigo": 626,
  "descripcion": "Quellón"
},
  {
  "_id": "60e3330b3cbd21f907c75785",
  "codigo": 627,
  "descripcion": "Chaitén"
},
  {
  "_id": "60e3330b3cbd21f907c75786",
  "codigo": 628,
  "descripcion": "Hualaihué"
},
  {
  "_id": "60e3330b3cbd21f907c75787",
  "codigo": 629,
  "descripcion": "Futaleufú"
},
  {
  "_id": "60e3330b3cbd21f907c75788",
  "codigo": 630,
  "descripcion": "Palena"
},
  {
  "_id": "613ba100e125aef4b0d8bb25",
  "codigo": 711,
  "descripcion": "SANTO DOMINGO"
},
  {
  "_id": "67d4e921ce8e7f5fe1666447",
  "codigo": 9999,
  "descripcion": "CARTAGENA"
}
]