[
  {
  "_id": "60dfe5b4ba0ccfd21a8e04e1",
  "codigo": 1,
  "descripcion": "Pino Radiata"
},
  {
  "_id": "60dfe5d7ba0ccfd21a8e04e2",
  "codigo": 4,
  "descripcion": "Eucaliptus Glóbulos"
},
  {
  "_id": "60dfe5f6ba0ccfd21a8e04e3",
  "codigo": 5,
  "descripcion": "Eucaliptus Nitens"
},
  {
  "_id": "60dfe62cba0ccfd21a8e04e6",
  "codigo": 33,
  "descripcion": "Álamos"
},
  {
  "_id": "6764734fd5ea69bdccf08165",
  "codigo": 35,
  "descripcion": "Aromo"
},
  {
  "_id": "676f18b20fe9a710bade09ce",
  "codigo": 36,
  "descripcion": "Patula"
},
  {
  "_id": "679bcef616d015805cfd78e0",
  "descripcion": "Pino Oregon",
  "codigo": 37
}
]