[
  {
  "_id": "60dff0adba0ccfd21a8e0511",
  "codigo": 1,
  "descripcion": "FRESCA"
},
  {
  "_id": "60dff0beba0ccfd21a8e0512",
  "codigo": 3,
  "descripcion": "QUEMADA"
},
  {
  "_id": "60dff0c8ba0ccfd21a8e0513",
  "codigo": 4,
  "descripcion": "MANCHADA"
},
  {
  "_id": "60dff0d2ba0ccfd21a8e0514",
  "codigo": 6,
  "descripcion": "SECO"
},
  {
  "_id": "60dff0e1ba0ccfd21a8e0515",
  "codigo": 7,
  "descripcion": "IMPREGNADA (POSTES)"
},
  {
  "_id": "60dff0f4ba0ccfd21a8e0516",
  "codigo": 8,
  "descripcion": "HUMEDO"
},
  {
  "_id": "61a53e849b05a4d06c9de710",
  "codigo": "9",
  "descripcion": "ALAMBRES"
},
  {
  "_id": "61a53f959b05a4d06c9de711",
  "codigo": "10",
  "descripcion": "SOBREDIAMETRO"
}
]