[
  {
  "_id": "60dff1dcba0ccfd21a8e0525",
  "codigo": 2,
  "uMedida": "MR",
  "descripcion": "Metro Ruma"
},
  {
  "_id": "60dff205ba0ccfd21a8e0526",
  "codigo": 3,
  "uMedida": "M3ST",
  "descripcion": "Metro Cúbico Estéreo"
},
  {
  "_id": "60dff225ba0ccfd21a8e0527",
  "codigo": 4,
  "uMedida": "TON",
  "descripcion": "Tonelada"
},
  {
  "_id": "60dff239ba0ccfd21a8e0528",
  "codigo": 6,
  "uMedida": "M3JAS",
  "descripcion": "Metro Cúbico JAS"
},
  {
  "_id": "61d47d4e42ee6886585d1b67",
  "codigo": 7,
  "uMedida": "UN",
  "descripcion": "Unidad"
}
]